candidate_id,event_key,company,label,artist_id,artist,activity_type,event_name,event_start_date,event_end_date,event_dates,date_confidence,date_evidence,date_source,date_conflict,cities,venues,article_title,published_at,score,review_reason,primary_url,naver_url,related_urls,supporting_article_count,clipped_text,first_seen,last_seen,review_status
8139def74a60fa6d4641e3f4,0e54a66d55a333f21068e6ee,HYBE,KOZ,boynextdoor,BOYNEXTDOOR (보이넥스트도어),COMEBACK,부산서 9월 깜짝 “공백 없이 활동할 것”,2026-07-31,2026-08-02,2026-07-31|2026-08-01|2026-08-02,MEDIUM,7월 31일부터 8월 2일까지,BODY,N,부산,,"보이넥스트도어, 부산서 9월 컴백 깜짝 발표 “공백 없이 활동할 것”",2026-08-03T09:12:00+09:00,66,DATE_LOW_CONFIDENCE,https://www.newsen.com/news_view.php?uid=202608030905360410,https://m.entertain.naver.com/article/609/0001152941,,1,"그룹 보이넥스트도어(성호, 리우, 명재현, 태산, 이한, 운학)가 “공백 없이 활동을 이어갈 예정입니다. 투어와 컴백 모두 기대해 주세요”라며 하반기 행보를 예고했다. 7월 31일부터 8월 2일까지 사흘간 부산...",2026-08-04T08:39:48.560746+09:00,2026-08-04T08:39:48.560746+09:00,PENDING
805b6abda47db5b982b8ce1a,e739e60b7fda1ca544ad6969,HYBE,KOZ,boynextdoor,BOYNEXTDOOR (보이넥스트도어),COMEBACK,“공백은 없다”,2026-08-02,2026-08-02,2026-08-02,MEDIUM,8월 2일,BODY,N,부산,사흘간 부산 사직실내체육관,"“공백은 없다”…보이넥스트도어, 첫 부산콘서 ‘9월 컴백’ 발표",2026-08-03T09:48:00+09:00,66,DATE_LOW_CONFIDENCE,https://www.sportsworldi.com/newsView/20260803505663,https://m.entertain.naver.com/article/396/0000751270,,1,그룹 보이넥스트도어. KOZ엔터테인먼트 제공 그룹 보이넥스트도어의 하반기도 쉼 없이 돌아간다. 보이넥스트도어는 지난달 31일부터 8월 2일까지 사흘간 부산 사직실내체육관에서 ‘보이넥스트투어 ‘낙원 Vol.2’...,2026-08-04T08:39:48.560746+09:00,2026-08-04T08:39:48.560746+09:00,PENDING
d827b9fb778b516827913d8e,cd0f0ad30f7817e74466da09,JYP,Studio J,xdinary_heroes,Xdinary Heroes,FANMEETING,THE X-TOWN,2026-08-03,2026-08-03,2026-08-03,MEDIUM,8월 3일,BODY,N,,,"엑스디너리 히어로즈, 9월 세 번째 공식 팬미팅 ‘THE X-TOWN’ 개최..무...",2026-08-04T09:22:00+09:00,70,DATE_LOW_CONFIDENCE,https://www.heraldmuse.com/article/10829889?ref=naver,https://m.entertain.naver.com/article/112/0003803372,,1,"엑스디너리 히어로즈(Xdinary Heroes, XH)가 오는 9월 세 번째 공식 팬미팅을 열고 팬들과 만난다. 엑스디너리 히어로즈는 8월 3일 오후 공식 SNS 채널에 포스터를 게재하고 세 번째 공식 팬미팅 ‘Xdinary Heroes...",2026-08-05T08:35:00.642823+09:00,2026-08-05T08:35:00.642823+09:00,PENDING
5f4f5f16d86a886476d73775,3ca9c9c585baaefc0f2b701d,JYP,Studio J,xdinary_heroes,Xdinary Heroes,FANMEETING,"[공연 소식] , 9월 세 번째 공식 팬미팅",2026-08-03,2026-08-03,2026-08-03,MEDIUM,8월 3일,BODY,N,서울,,"[공연 소식] 엑스디너리 히어로즈, 9월 세 번째 공식 팬미팅 개최",2026-08-04T07:12:00+09:00,70,DATE_LOW_CONFIDENCE,http://www.beyondpost.co.kr/view.php?ud=202608040709395806d3244b4fed_30,http://www.beyondpost.co.kr/view.php?ud=202608040709395806d3244b4fed_30,https://www.newsen.com/news_view.php?uid=202608040708362410,2,"… 즈(Xdinary Heroes, XH)가 팬들과 특별한 시간을 보낸다. 엑스디너리 히어로즈는 8월 3일 오후 공식 SNS 채널에 포스터를 게재하고 세 번째 공식 팬미팅 'Xdinary Heroes 3RD FANMEETING 'THE X-TOWN''(더 엑스...",2026-08-04T08:39:48.560746+09:00,2026-08-04T08:39:48.560746+09:00,PENDING
9f2ab9ae6a92d3a07d5bfdfd,99ec2409eb5195905fa6becf,SM,3세대 그룹,red_velvet,Red Velvet,COMEBACK,벨벳 서머,2026-08-03,2026-08-03,2026-08-03,MEDIUM,8월 3일,BODY,N,,,"레드벨벳, 여름 미니 앨범 ‘벨벳 서머’ 발매 'D-3'…기대 포인트 셋",2026-07-31T10:30:00+09:00,66,DATE_LOW_CONFIDENCE,https://www.swtvnews.com/news/newsview.php?ncode=1065575984806131,https://www.swtvnews.com/news/newsview.php?ncode=1065575984806131,,1,▲ 레드벨벳 '서머 퀸' 레드벨벳(Red Velvet)이 오는 8월 3일 여름 미니 앨범 'Velvet Summer'(벨벳 서머)로 돌아온다. 2024년 6월 발매한 ‘Cosmic’(코스믹) 이후 약 2년 2개월 만에 완전체 컴백으로 글로벌 음악 팬들의...,2026-08-01T08:33:21.050332+09:00,2026-08-01T08:33:21.050332+09:00,PENDING
8e6222f342096f0065c6283e,42e0887c324fbdb2ff6f9061,SM,SM Entertainment,super_junior_ryeowook,RYEOWOOK (려욱),COMEBACK,일본으로 향한다,2026-08-05,2026-08-05,2026-08-05,MEDIUM,5일,TITLE,N,,,"슈퍼주니어 려욱, 일본으로 향한다…5일 새 싱글 발매",2026-08-04T10:32:00+09:00,66,DATE_LOW_CONFIDENCE,https://swtvnews.com/news/newsview.php?ncode=1065576589501751,https://swtvnews.com/news/newsview.php?ncode=1065576589501751,,1,▲ 슈퍼주니어 려욱 솔로 데뷔 10주년을 맞은 슈퍼주니어 려욱이 일본으로 향해 활발한 활동을 이어간다. 소속사 에스엠(SM)엔터테인먼트는 4일 “려욱이 오는 5일 일본 세 번째 싱글 ‘僕のほし’(보쿠노...,2026-08-05T08:35:00.642823+09:00,2026-08-05T08:35:00.642823+09:00,PENDING
a73dc09dceb68ceced68acb9,2366032022bfdde33c32ae23,JYP,JYP Japan,nexz,NEXZ (넥스지),COMEBACK,"‘ ’ , 타이틀곡 ‘쏘신’ 확정",2026-08-07,2026-08-07,2026-08-07,MEDIUM,8월 7일,BODY,N,,,"‘컴백’ 넥스지, 타이틀곡 ‘쏘신’ 확정…아낌없이 쏟아부은 특제 소...",2026-08-07T11:31:00+09:00,66,DATE_LOW_CONFIDENCE,https://www.newsen.com/news_view.php?uid=202608071124530410,https://m.entertain.naver.com/article/609/0001154551,,1,"'라이브 퍼포먼스 장인' 그룹 넥스지(NEXZ)가 독창적인 특제 아이디어 소스를 듬뿍 담은 신보로 돌아온다. 8월 7일 소속사 JYP엔터테인먼트에 따르면 넥스지(토모야, 유우, 하루, 소 건, 세이타, 휴이, 유키)는 24일...",2026-08-08T08:08:07.079154+09:00,2026-08-08T08:08:07.079154+09:00,PENDING
0c2b981519b82e5a0e5cb38f,c0b983aa30e4c2f0922bd9a6,JYP,4세대 그룹,stray_kids,Stray Kids,COMEBACK,디스 앤드 댓,2026-08-07,2026-08-07,2026-08-07,LOW,오늘(7일),BODY,N,,,"[영상] 스트레이 키즈, 오늘 새 미니앨범 '디스 앤드 댓' 발매…9개월 만...",2026-08-07T14:44:00+09:00,66,DATE_LOW_CONFIDENCE,https://news.sbs.co.kr/news/endPage.do?news_id=N1008695093&plink=ORI&cooper=NAVER,https://n.news.naver.com/mnews/article/055/0001378896?sid=103,https://www.edaily.co.kr/news/newspath.asp?newsid=05159446645545024,2,스트레이 키즈(Stray Kids)가 오늘(7일) 오후 새 미니앨범 'THIS & THAT'(디스 앤드 댓)을 발매했습니다. 지난해 11월 미국 빌보드 메인 앨범 차트 '빌보드 200' 8연속 1위 기록을 세웠던 SKZ IT TAPE(스키즈 잇 테이프) 'DO IT'(두...,2026-08-08T08:08:07.079154+09:00,2026-08-08T08:08:07.079154+09:00,PENDING
848a4b016b599ee62f852787,39b2db1face07347cd6f79b8,JYP,4세대 그룹,stray_kids,Stray Kids,COMEBACK,새 미니앨범 발매,2026-08-07,2026-08-07,2026-08-07,MEDIUM,7일,TITLE,N,,,"스트레이 키즈, 7일 새 미니앨범 발매…‘디스 앤드 댓’ 포함 총 8곡 수...",2026-08-07T08:30:00+09:00,69,DATE_LOW_CONFIDENCE,https://www.swtvnews.com/news/newsview.php?ncode=1065569066229050,https://www.swtvnews.com/news/newsview.php?ncode=1065569066229050,,1,… 한층 진화한 스트레이 키즈(Stray Kids)를 만날 시간이다. 스트레이 키즈가 팬들 곁으로 돌아온다. 소속사 측은 7일 “스트레이 키즈가 오늘 오후 1시 새 미니앨범...,2026-08-07T10:37:20.511258+09:00,2026-08-08T08:08:07.079154+09:00,PENDING
1350c38879e5798d9b0c33f0,0a80900438b651df609b1854,SM,4세대 그룹,aespa,aespa,TOUR_ANNOUNCEMENT,3만 5000명 관객과 고척돔 달궜다,2026-08-07,2026-08-08,2026-08-07|2026-08-08,LOW,7~8일,BODY,N,서울,3만 5000명 관객과 고척돔|가 데뷔 후 첫 고척스카이돔|고척스카이돔,"에스파, 3만 5000명 관객과 고척돔 달궜다…4번째 월드투어 스타트",2026-08-09T15:39:00+09:00,77,DATE_LOW_CONFIDENCE,https://www.mk.co.kr/article/12122064,https://n.news.naver.com/mnews/article/009/0005718492?sid=103,,1,SM엔터테인먼트 대표 그룹 에스파(aespa)가 데뷔 후 첫 고척스카이돔 단독 콘서트로 네 번째 월드투어의 막을 올렸다. 에스파는 지난 7~8일 서울 고척스카이돔에서 ‘2026-27 에스파 라이브 투어-싱크: 컴플랙시티’를...,2026-08-10T08:01:45.407885+09:00,2026-08-10T08:01:45.407885+09:00,PENDING
2f1068bd36cfdc25ba08145d,afc89cbb80f753a08f71f2dd,SM,4세대 그룹,aespa,aespa,TOUR_ANNOUNCEMENT,첫 고척돔 콘서트,2026-08-07,2026-08-07,2026-08-07,HIGH,오늘(7일),TITLE,N,서울,가 서울 고척스카이돔|고척스카이돔|데뷔 첫 고척돔|새 월드투어 시작 그룹 에스파가 고척스카이돔|이번 공연은 에스파의 첫 고척돔|첫 고척돔,"에스파, 오늘(7일) 첫 고척돔 콘서트 개최…새 월드투어 포문",2026-08-07T09:18:00+09:00,72,MANUAL_APPROVAL_REQUIRED,https://www.stardailynews.co.kr/news/articleView.html?idxno=545077,https://www.stardailynews.co.kr/news/articleView.html?idxno=545077,https://enter.etoday.co.kr/news/view/300713|https://www.tenasia.co.kr/article/2026080704764,3,그룹 에스파(aespa)가 7일 서울 고척스카이돔에서 첫 단독 콘서트를 열고 네 번째 월드투어의 시작을... 이번 공연은 에스파의 첫 고척돔 단독 콘서트이자 새로운 월드투어의 출발점이라는 점에서 관심을...,2026-08-07T10:37:20.511258+09:00,2026-08-08T08:08:07.079154+09:00,PENDING
bfaed1fb4fa62a7b3e6611a3,558b76f92c451bbdc019e01a,SM,3세대 그룹,wayv,WayV,COMEBACK,비전 윙스,2026-08-10,2026-08-10,2026-08-10,HIGH,8월 10일,TITLE,N,뉴욕,,"웨이션브이, 미니앨범 '비전 윙스' 8월 10일 발표…깊고 따뜻한 감성 담...",2026-07-31T09:51:00+09:00,66,MANUAL_APPROVAL_REQUIRED,https://www.spotvnews.co.kr/news/articleView.html?idxno=831829,https://m.entertain.naver.com/article/477/0000621106,,1,"그룹 웨이션브이(WayV)가 여덟 번째 미니앨범 '비전 윙스'(Vision Wings)를 통해 깊고 따뜻한 감성을... 한편, 웨이션브이는 8월 2일(현지시간) 뉴욕 센트럴 파크에서 열리는 대규모 페스티벌 '서머스테이지'에 출연한다....",2026-08-01T08:33:21.050332+09:00,2026-08-01T08:33:21.050332+09:00,PENDING
54336b825b1266f6ae9996af,182328ce116df1cffed85c62,HYBE,HYBE x Geffen,katseye,KATSEYE (캣츠아이),POPUP,와일드,2026-08-14,2026-08-19,2026-08-14|2026-08-15|2026-08-16|2026-08-17|2026-08-18|2026-08-19,MEDIUM,14~19일,BODY,N,도쿄|서울,,"캣츠아이, '와일드' 팝업스토어 개최…서울·도쿄서 팬 소통",2026-08-06T13:42:00+09:00,68,DATE_LOW_CONFIDENCE,https://enter.etoday.co.kr/news/view/300677,https://enter.etoday.co.kr/news/view/300677,,1,걸그룹 캣츠아이(KATSEYE)의 세 번째 미니앨범 'WILD(와일드)' 발매를 기념하는 팝업스토어가 오는 14~19일 서울 용산구 하이브 사옥에서 개최된다. 이번 팝업스토어는 앨범의 주요 색상인 핫핑크를 바탕으로 연출된다....,2026-08-07T10:37:20.511258+09:00,2026-08-07T10:37:20.511258+09:00,PENDING
77694e4fb5bdae5b13a99d30,3d237f0cfa9a9ad044491f83,JYP,Studio J,day6,DAY6,TOUR_ANNOUNCEMENT,"영케이, 정규 2집 활동 성료→ 솔로 투어",2026-08-14,2026-08-16,2026-08-14|2026-08-15|2026-08-16,HIGH,8월 14일~16일,TITLE,N,,,"데이식스 영케이, 정규 2집 활동 성료→8월 14일~16일 솔로 투어 개최",2026-08-02T14:12:00+09:00,72,MANUAL_APPROVAL_REQUIRED,https://www.heraldmuse.com/article/10828163?ref=naver,https://m.entertain.naver.com/article/112/0003803253,,1,DAY6(데이식스) Young K(영케이)가 다채로운 활약을 이어간다. Young K는 7월 27일 정규 2집 ‘YOUNGEST’(영기스트)와 타이틀곡 ‘Shut The Door’(셧 더 도어)를 발매했다. 지난 30일 Mnet ‘엠카운트다운’을 시작으로...,2026-08-03T08:31:05.894929+09:00,2026-08-03T08:31:05.894929+09:00,PENDING
b4fb3f7d7def3333390ed7cc,87b318260b0c2b18a1fdc549,YG,그룹/멤버 분리,bigbang,BIGBANG (빅뱅),TOUR_ANNOUNCEMENT,"YG플러스, 월드투어 팝업",2026-08-14,2026-08-27,2026-08-14|2026-08-15|2026-08-16|2026-08-17|2026-08-18|2026-08-19|2026-08-20|2026-08-21|2026-08-22|2026-08-23|2026-08-24|2026-08-25|2026-08-26|2026-08-27,MEDIUM,14~27일,BODY,N,,,"YG플러스, 빅뱅 월드투어 팝업 오픈…20주년 응원봉 공개",2026-08-07T15:32:00+09:00,72,DATE_LOW_CONFIDENCE,https://enter.etoday.co.kr/news/view/300729,https://enter.etoday.co.kr/news/view/300729,,1,빅뱅 데뷔 20주년을 기념하는 공식 투어 MD가 출시된다. YG플러스는 오는 14~27일 무신사 메가스토어 성수와 무신사 스탠다드 명동점에서 'BIGBANG 2026–2027 WORLD TOUR < XX : COSMOS >(빅뱅 2026-2027 월드 투어...,2026-08-08T08:08:07.079154+09:00,2026-08-08T08:08:07.079154+09:00,PENDING
6303740dec65519a7b7a21c7,3e28eaaa365ffdcaea8db8fb,YG,그룹/멤버 분리,bigbang,BIGBANG (빅뱅),TOUR_ANNOUNCEMENT,데뷔 20주년 맞아 월드투어 공식 MD 팝업 연다,2026-08-14,2026-08-14,2026-08-14,MEDIUM,8월 14일,ENRICHED_BODY,N,,,"빅뱅, 데뷔 20주년 맞아 월드투어 공식 MD 팝업 연다",2026-08-07T09:20:00+09:00,72,DATE_ENRICHED_REVIEW,https://www.topstarnews.net/news/articleView.html?idxno=16157238,https://www.topstarnews.net/news/articleView.html?idxno=16157238,,2,"빅뱅이 데뷔 20주년을 맞아 월드투어와 연계한 공식 MD 컬렉션을 내놓는다. YG플러스는 'BIGBANG 2026–2027 WORLD TOUR < XX : COSMOS >'를 기념하는 MD를 준비하고, 이를 선보이는 오프라인 팝업을 진행한다고 밝혔다. 이번...",2026-08-07T10:37:20.511258+09:00,2026-08-08T08:08:07.079154+09:00,PENDING
2cb3a5386bcfab974ead4468,44032315c23e90a8032cde44,JYP,JYP Japan,nexz,NEXZ (넥스지),COMEBACK,"'JYP 신인' , 가요계",2026-08-24,2026-08-24,2026-08-24,MEDIUM,24일,TITLE,N,,,"'JYP 신인' 넥스지, 24일 가요계 컴백…'SAUCIN'' 발표(공식)",2026-08-04T08:08:00+09:00,66,DATE_LOW_CONFIDENCE,http://www.joynews24.com/view/1991547,http://www.joynews24.com/view/1991547,,1,JYP엔터테인먼트 보이그룹 NEXZ(넥스지)가 8월 24일 새 앨범 'SAUCIN''으로 컴백한다. NEXZ는 3일 오후 공식... 넥스지 신보 트레일러 섬네일 [사진=JYP엔터테인먼트] NEXZ의 컴백은 지난 4월 두 번째 싱글 'Mmchk' 이후...,2026-08-04T08:39:48.560746+09:00,2026-08-04T08:39:48.560746+09:00,PENDING
33c09357d98358d319087244,739a956354f87fbdfc1bf131,JYP,JYP Japan,nexz,NEXZ (넥스지),COMEBACK,SAUCIN,2026-08-24,2026-08-24,2026-08-24,MEDIUM,8월 24일,BODY,N,,,NEXZ(넥스지) 신보 ‘SAUCIN’(쏘씬) 트레일러 추가 오픈! 8월 컴백 물 올...,2026-08-05T22:33:00+09:00,66,DATE_LOW_CONFIDENCE,https://sports.khan.co.kr/article/202608052232003?pt=nv,https://m.entertain.naver.com/article/144/0001130161,,1,"펼쳐지는 신규 페스티벌 ’STRAYCITY‘(스트레이시티) 무대에 올라 태양보다 뜨거운 열정 에너지를 뿜어낸다. 넥스지스럽게 맛깔난, ‘넥깔난’ 앨범 ‘SAUCIN’‘이 8월 24일 오후 6시 음악 미식가들을 찾아간다.",2026-08-05T08:35:00.642823+09:00,2026-08-06T08:31:12.665511+09:00,PENDING
ad2b068fe47ea1c688acf416,d4d2553dcb6d60b2740ce95d,JYP,JYP Japan,nexz,NEXZ (넥스지),COMEBACK,소신,2026-08-24,2026-08-24,2026-08-24,MEDIUM,24일,TITLE,N,,,"넥스지, 새 앨범 '소신' 24일 발표…""톡 쏘는 맛으로 무더위 날릴 음악""",2026-08-04T18:28:00+09:00,66,DATE_LOW_CONFIDENCE,https://www.spotvnews.co.kr/news/articleView.html?idxno=832821,https://m.entertain.naver.com/article/477/0000621925,https://swtvnews.com/news/newsview.php?ncode=1065568242026810,2,보이그룹 넥스지가 오는 24일 새 앨범 '소신'(SAUCIN')을 발표한다. 넥스지는 3일 SNS 채널에 새 앨범 '소신' 트레일러 영상을 공개하고 컴백을 예고했다. 영상은 농부로 변신한 일곱 멤버의 평온한 순간과 함께 시작된다....,2026-08-05T08:35:00.642823+09:00,2026-08-05T08:35:00.642823+09:00,PENDING
66436f497c3295c3c833741a,06140d445e4aac70a82b98ee,JYP,JYP Japan,nexz,NEXZ (넥스지),COMEBACK,쏘씬,2026-08-24,2026-08-24,2026-08-24,MEDIUM,24일,TITLE,N,,,넥스지 표 감칠맛 어떨까⋯24일 새 앨범 '쏘씬' 발매,2026-08-04T08:48:00+09:00,66,DATE_LOW_CONFIDENCE,https://www.etoday.co.kr/news/view/2610645,https://www.etoday.co.kr/news/view/2610645,,1,이투데이=장유진 기자 | 그룹 넥스지(NEXZ)가 24일 새 앨범 '쏘씬(SAUCIN')'으로 컴백한다. 넥스지는 3일 오후 공식 SNS 채널에 새 앨범 '쏘씬' 첫 트레일러 영상을 공개했다. 공개된 영상은 농부로 변신한 일곱 멤버의...,2026-08-04T08:39:48.560746+09:00,2026-08-05T08:35:00.642823+09:00,PENDING
6800bf73ed0d7c45c9ff7266,328d7d95ae8b026eaef432e6,JYP,Studio J,day6,DAY6,FANMEETING,10월 공식 팬미팅,2026-09-07,2026-09-07,2026-09-07,MEDIUM,9월 7일,BODY,N,,,"DAY6, 10월 공식 팬미팅 개최…동화 같은 포스터 공개",2026-09-08T09:06:00+09:00,70,DATE_LOW_CONFIDENCE,https://www.newsen.com/news_view.php?uid=202609080901270410,https://m.entertain.naver.com/article/609/0001166298,,1,"밴드 DAY6(데이식스)가 10월 공식 팬미팅을 연다. 소속사 JYP엔터테인먼트는 9월 7일 오후 DAY6 공식 SNS 채널을 통해 DAY6 다섯 번째 공식 팬미팅 'DAY6 5TH FANMEETING < EVERY DAY6, EVERY My Day >'(< 에브리 데이식스...",2026-09-09T08:04:22.590790+09:00,2026-09-09T08:04:22.590790+09:00,PENDING
611c9a8a34e4897f121860dc,3aabf7afb70ebfa2773a47d7,JYP,Studio J,day6,DAY6,FANMEETING,인스파이어 아레나 출격,2026-09-07,2026-09-07,2026-09-07,MEDIUM,9월 7일,BODY,N,,인스파이어 아레나,"데이식스, 인스파이어 아레나 출격…5번째 공식 팬미팅 개최",2026-09-08T11:07:00+09:00,70,DATE_LOW_CONFIDENCE,http://enews.imbc.com/News/RetrieveNewsInfo/517557,https://m.entertain.naver.com/article/408/0000320804,,1,"… 10월 My Day(마이데이)와 함께 특별한 가을 추억을 만든다. JYP엔터테인먼트는 지난 9월 7일 오후 공식 SNS 채널을 통해 DAY6의 다섯 번째 공식 팬미팅 'DAY6 5TH FANMEETING ' EVERY DAY6, EVERY My Day...",2026-09-09T08:04:22.590790+09:00,2026-09-09T09:28:59.717270+09:00,PENDING
774393dbaa7b60cd98680029,3f276c6dc6d7c4d5565bdf8e,HYBE,빌리프랩,enhypen,ENHYPEN,TOUR_ANNOUNCEMENT,BLOOD SAGA,2026-09-08,2026-09-08,2026-09-08,LOW,오늘(8일),BODY,N,런던,,엔하이픈 월드투어 ‘BLOOD SAGA’ 확대..베를린·런던 공연 추가 개최,2026-09-08T11:27:00+09:00,72,DATE_LOW_CONFIDENCE,https://www.heraldmuse.com/article/10866224?ref=naver,https://m.entertain.naver.com/article/112/0003806713,,1,"그룹 엔하이픈(ENHYPEN)이 엔진(ENGENE.팬덤명)의 성원에 힘입어 추가 공연을 개최한다. 엔하이픈(정원, 제이, 제이크, 성훈, 선우, 니키)은 오늘(8일) 글로벌 플랫폼 위버스(Weverse) 공식 커뮤니티에 ‘ENHYPEN WORLD...",2026-09-09T08:04:22.590790+09:00,2026-09-09T09:28:59.717270+09:00,PENDING
94d9537efb1bf91cc3d18ad4,0d31d85eed826c5a36327bbb,HYBE,빌리프랩,enhypen,ENHYPEN,ADDITIONAL_SHOW,"세계 휩쓸고 있는 , 베를린·런던 추가 공연 확정",2026-09-08,2026-09-08,2026-09-08,LOW,오늘(8일),BODY,N,런던,,"세계 휩쓸고 있는 엔하이픈, 베를린·런던 추가 공연 확정",2026-09-08T13:26:00+09:00,78,DATE_LOW_CONFIDENCE,http://enews.imbc.com/News/RetrieveNewsInfo/517588,https://m.entertain.naver.com/article/408/0000320838,,1,"그룹 엔하이픈(ENHYPEN)이 추가 공연을 통해 엔진(팬덤명)과 만난다. 엔하이픈(정원, 제이, 제이크, 성훈, 선우, 니키)은 오늘(8일) 공식 팬 플랫폼을 통해 '엔하이픈 월드 투어 '블러드 사가'(ENHYPEN WORLD TOUR 'BLOOD SAGA...",2026-09-09T08:04:22.590790+09:00,2026-09-09T09:28:59.717270+09:00,PENDING
f7e2f0871c50c6a5afb9b4b0,4ae0aaa2d91b5fe7916faef4,HYBE,YX LABELS,andteam,&TEAM (앤팀),COMEBACK,첫날 122만 장 돌파,2026-09-09,2026-09-09,2026-09-09,MEDIUM,오늘(9일),ENRICHED_BODY,N,,,"&TEAM, 신보 발매 첫날 122만 장 돌파…4연속 밀리언셀러 달성",2026-09-09T11:24:00+09:00,66,DATE_ENRICHED_REVIEW,https://ent.sbs.co.kr/news/article.do?article_id=E10010321832&plink=ORI&cooper=NAVER,https://m.entertain.naver.com/article/416/0000326520,https://www.bntnews.co.kr/article/view/bnt202609090160|https://www.heraldmuse.com/article/10867446?ref=naver,4,하이브 글로벌 그룹 &TEAM(앤팀)이 한국 미니 2집 'Mark on Me'로 발매 첫날 122만 장 이상의 판매고를 올리며 네 작품 연속 밀리언셀러를 달성했다. 9일 한터차트에 따르면 &TEAM의 'Mark on Me'는 발매일인...,2026-09-10T09:28:59.132667+09:00,2026-09-10T09:28:59.132667+09:00,PENDING
e16276bebe2491c54609de53,5533c251b254753e62497f1e,SM,4세대 그룹,riize,RIIZE,COMEBACK,2027년 봄 정규 2집 온다⋯내달 프롤로그 싱글 발매,2026-09-12,2026-09-13,2026-09-12|2026-09-13,LOW,12~13일,BODY,N,인천,인스파이어 아레나,"라이즈, 2027년 봄 정규 2집 온다⋯내달 프롤로그 싱글 발매",2026-09-14T08:16:00+09:00,66,DATE_LOW_CONFIDENCE,https://www.etoday.co.kr/news/view/2624950,https://www.etoday.co.kr/news/view/2624950,,1,라이즈(RIIZE)가 데뷔 3주년 기념 팬미팅에서 활동 스포일러를 내놔 눈길을 끌었다. 12~13일 인천 인스파이어 아레나에서는 360도 전체 개방된 규모로 라이즈 데뷔 3주년 기념 팬미팅 ‘채널 라이즈 : 온 에어(Ch. RIIZE...,2026-09-14T09:21:40.780716+09:00,2026-09-14T09:21:40.780716+09:00,PENDING
cfdb1b0655c1ba790ba332f1,2f0ab529d8b202f9fd9e35f1,SM,4세대 그룹,riize,RIIZE,COMEBACK,내년 정규 2집 확정,2026-09-12,2026-09-13,2026-09-12|2026-09-13,MEDIUM,12~13일,BODY,N,인천,인스파이어 아레나,"라이즈, 내년 정규 2집 컴백 확정…10월 프롤로그 싱글로 '본격 예열'",2026-09-14T08:45:00+09:00,66,DATE_LOW_CONFIDENCE,https://www.spotvnews.co.kr/news/articleView.html?idxno=1007284,https://m.entertain.naver.com/article/477/0000627934,,1,"그룹 라이즈(RIIZE)가 오는 2027년 봄, 두 번째 정규 앨범을 발매한다. 라이즈는 지난 12~13일 인천 인스파이어 아레나에서 데뷔 3주년 기념 팬미팅 '채널 라이즈 : 온 에어(Ch. RIIZE : ON AIR)'를 개최하고 양일 총 2만3,000여...",2026-09-14T09:21:40.780716+09:00,2026-09-14T09:21:40.780716+09:00,PENDING
65a8f3137cfae5ceca5d301e,926e3cc8fcf42b0b3afbbddb,SM,3세대 그룹,wayv,WayV,TOUR_ANNOUNCEMENT,세 번째 콘서트 투어 스타트..서울서 성공적 신호탄,2026-09-12,2026-09-13,2026-09-12|2026-09-13,LOW,12~13일,BODY,N,서울,,"웨이션브이, 세 번째 콘서트 투어 스타트..서울서 성공적 신호탄",2026-09-14T14:19:00+09:00,72,DATE_LOW_CONFIDENCE,https://www.heraldmuse.com/article/10872735?ref=naver,https://m.entertain.naver.com/article/112/0003807312,,1,WayV(웨이션브이)가 서울 공연을 시작으로 세 번째 콘서트 투어를 시작했다. ‘2026 WayV CONCERT TOUR [BORN THIS Way] IN SEOUL’(2026 웨이션브이 콘서트 투어 [본 디스 웨이] 인 서울)은 지난 12~13일 양일간 서울...,2026-09-15T09:50:51.899912+09:00,2026-09-15T09:50:51.899912+09:00,PENDING
30ef3123f4273b4050844a7c,4eb801b2b7792043ead46e22,SM,SM Entertainment,irene_seulgi,IRENE & SEULGI,COMEBACK,"레드벨벳- , 日 데뷔",2026-09-14,2026-09-14,2026-09-14,MEDIUM,9월 14일,BODY,N,후쿠오카,,"레드벨벳-아이린&슬기, 日 데뷔…앨범 발매 후 투어",2026-09-10T10:59:00+09:00,66,DATE_LOW_CONFIDENCE,https://news.tf.co.kr/read/entertain/2364253.htm,https://m.entertain.naver.com/article/629/0000532518,,1,9월 14일 전곡 음원 공개 후 11월 피지컬 앨범 발매 19일 후쿠오카 시작으로 일본 투어 돌입 걸그룹 레드벨벳 유닛 아이린&슬기가 일본 공략에 나선다. 10일 소속사 SM엔터테인먼트에 따르면 아이린&슬기는 11월...,2026-09-11T09:26:43.074563+09:00,2026-09-11T09:26:43.074563+09:00,PENDING
31e8a5425e2127e4e6c63b82,91e1a1e569f3fa0e0646bd0e,SM,4세대 그룹,aespa,aespa,COMEBACK,디지털 싱글 발매,2026-09-14,2026-09-14,2026-09-14,MEDIUM,14일,TITLE,N,,,"에스파, 14일 디지털 싱글 발매...멤버들 직접 '작사·작곡' 참여",2026-09-11T17:22:00+09:00,66,DATE_LOW_CONFIDENCE,https://mhnse.com/news/articleView.html?idxno=1538082,https://m.entertain.naver.com/article/445/0000463181,,1,"걸그룹 에스파가 9월 14일 오후 6시 '싱크 : 컴플랙시티 – 2026 스페셜 디지털 싱글(SYNK : COMPLaeXITY... 에스파는 현재 북미와 남미, 유럽을 포함한 총 25개 지역에서 네 번째 월드투어를 진행하고 있다. 또...",2026-09-12T09:31:57.453640+09:00,2026-09-12T09:31:57.453640+09:00,PENDING
b25f860bc4e0d07ed7bd6594,90e22f085ec31d9341d73011,SM,4세대 그룹,aespa,aespa,COMEBACK,솔로곡 온다,2026-09-14,2026-09-14,2026-09-14,MEDIUM,14일,TITLE,N,,,에스파 솔로곡 온다…14일 스페셜 디지털 싱글 발매,2026-09-11T18:02:00+09:00,66,DATE_LOW_CONFIDENCE,https://www.mydaily.co.kr/page/view/2026091118010416305,https://m.entertain.naver.com/article/117/0004104421,,1,그룹 에스파가 네 번째 단독 콘서트에서 선보인 멤버별 솔로곡을 음원으로 발매한다. 에스파는 오는 14일 오후 6시 각종 음원 사이트를 통해 '싱크 : 컴플랙시티 - 2026 스페셜 디지털 싱글'(SYNK : COMPLaeXITY...,2026-09-12T09:31:57.453640+09:00,2026-09-12T09:31:57.453640+09:00,PENDING
eebd4e8725a98ffceda12587,a97c59afadc673766ec0f4a5,SM,3세대 그룹,nct_127,NCT 127,TOUR_ANNOUNCEMENT,아시아 투어 돌입,2026-09-18,2026-09-20,2026-09-18|2026-09-19|2026-09-20,MEDIUM,18~20일,BODY,N,서울,올림픽공원 KSPO DOME|케이스포 돔,"엔시티 127, 아시아 투어 돌입…서울 공연 D-day",2026-09-18T10:46:00+09:00,72,DATE_LOW_CONFIDENCE,https://enter.etoday.co.kr/news/view/302591,https://enter.etoday.co.kr/news/view/302591,,1,그룹 엔시티 127(NCT 127)이 다섯 번째 월드투어의 포문을 연다. 엔시티 127은 18~20일 서울 올림픽공원 KSPO DOME(케이스포 돔)에서 'NEO CITY : SEOUL - THE REDLINE(네오 시티 : 서울 - 더 레드라인)'을 열고 관객과 만난다....,2026-09-19T09:32:05.065069+09:00,2026-09-19T09:32:05.065069+09:00,PENDING
ea01f44fe89ea1a0758a582d,fd5577192f9800e37537c0ea,HYBE,빌리프랩,enhypen,ENHYPEN,TOUR_ANNOUNCEMENT,통산 5번째 더블 밀리언셀러,2026-09-19,2026-09-19,2026-09-19,MEDIUM,9월 19일,BODY,N,,,통산 5번째 더블 밀리언셀러…엔하이픈 음반 질주 속 월드투어 돌입,2026-09-16T11:14:00+09:00,72,DATE_LOW_CONFIDENCE,https://sports.donga.com/ent/article/all/20260916/134679061/1,https://m.entertain.naver.com/article/382/0001294320,,1,"그룹 엔하이픈이 미국 빌보드 메인 앨범 차트에서 3주 연속 상위권을 지켜냈다. 현지시간 15일 미국 음악 전문 매체 빌보드가 발표한 최신 차트(9월 19일 자)에 따르면, 엔하이픈의 미니 8집 ‘THE SIN : BLISS’는 메인...",2026-09-17T09:49:48.265888+09:00,2026-09-17T09:49:48.265888+09:00,PENDING
4c39244e7cfe8b86f235b3ef,42cf6d2053f5f2b9ca720d0a,JYP,JYP Japan,nexz,NEXZ (넥스지),TOUR_ANNOUNCEMENT,첫 아시아 투어 서울 공연 전석 매진,2026-09-23,2026-09-23,2026-09-23,MEDIUM,23일,TITLE,N,서울,과 18일 서울 송파구 올림픽홀,"NEXZ, 첫 아시아 투어 서울 공연 전석 매진…추가 좌석 23일 오픈",2026-09-18T08:56:00+09:00,72,DATE_LOW_CONFIDENCE,https://www.mdtoday.co.kr/news/articleView.html?idxno=613920,https://www.mdtoday.co.kr/news/articleView.html?idxno=613920,,1,"NEXZ(넥스지·토모야, 유우, 하루, 소 건, 세이타, 휴이, 유키)의 첫 아시아 투어 서울 공연이 전 회차 매진을 기록했다. NEXZ는 10월 17일과 18일 서울 송파구 올림픽홀에서 아시아 투어 'NEXZ 1ST ASIA TOUR'의 시작을...",2026-09-18T09:43:23.798593+09:00,2026-09-18T09:43:23.798593+09:00,PENDING
27113595f483adaef074227e,c2cd0a9b61eaf127b16de756,HYBE,KOZ,boynextdoor,BOYNEXTDOOR (보이넥스트도어),COMEBACK,BOYNEXTDOOR (보이넥스트도어) 컴백,2026-09-28,2026-09-28,2026-09-28,HIGH,9월 28일,TITLE,N,부산,사직실내체육관,"보이넥스트도어, 9월 28일 국내 컴백…일본 싱글도 발매",2026-08-03T10:54:00+09:00,66,MANUAL_APPROVAL_REQUIRED,https://sports.donga.com/ent/article/all/20260803/134411283/1,https://m.entertain.naver.com/article/382/0001286282,,1,"그룹 보이넥스트도어(BOYNEXTDOOR)가 일본 신곡 발매와 국내 컴백을 예고했다. 보이넥스트도어(성호, 리우, 명재현, 태산, 이한, 운학)는 지난 2일 부산 사직실내체육관에서 열린 첫 월드 투어 ‘BOYNEXTDOOR TOUR...",2026-08-04T08:39:48.560746+09:00,2026-08-04T08:39:48.560746+09:00,PENDING
947847c4c9bafa549dcfc10e,2876e53f48707cc4abbafd7a,HYBE,KOZ,boynextdoor,BOYNEXTDOOR (보이넥스트도어),COMEBACK,정규 1집 리패키지 발매,2026-09-28,2026-09-28,2026-09-28,MEDIUM,28일,TITLE,N,,,"보이넥스트도어, 28일 정규 1집 리패키지 발매…컴백 프로모션 돌입",2026-09-08T16:01:00+09:00,66,DATE_LOW_CONFIDENCE,https://www.newsen.com/news_view.php?uid=202609081554592410,https://m.entertain.naver.com/article/609/0001166522,,1,"보이넥스트도어(BOYNEXTDOOR)가 컴백 카운트다운에 돌입했다. 보이넥스트도어(성호, 리우, 명재현, 태산, 이한, 운학)는 9월 7일 정규 1집 리패키지 ‘HOME: DELUXE’의 스케줄러를 공개했다. 동물의 실루엣을 내세운...",2026-09-09T08:04:22.590790+09:00,2026-09-09T09:28:59.717270+09:00,PENDING
7621112add0838613bd2dad7,aec8d9272c020ef969bcd82c,JYP,JYP Japan,niziu,NiziU (니쥬),COMEBACK,Sour Grapes,2026-09-28,2026-09-28,2026-09-28,HIGH,9월 28일,TITLE,N,,,"니쥬(NiziU), 9월 28일 첫 국내 미니 앨범 'Sour Grapes' 발매",2026-09-17T08:12:00+09:00,66,MANUAL_APPROVAL_REQUIRED,https://www.cbci.co.kr/news/articleView.html?idxno=607533,https://www.cbci.co.kr/news/articleView.html?idxno=607533,,1,JYP엔터테인먼트 소속 걸그룹 NiziU가 오는 9월 28일 첫 국내 미니 앨범 'Sour Grapes'를 발매하고 컴백한다. NiziU는 지난 16일 공식 SNS 채널을 통해 신보의 테마를 미리 엿볼 수 있는 첫 번째 콘셉트 필름을...,2026-09-11T09:26:43.074563+09:00,2026-09-17T09:49:48.265888+09:00,PENDING
4f59c6c109a0a68d217a4dd8,35308934e52331e3a3e806ad,SM,솔로/특수,xnghan_xoul,승한앤소울,COMEBACK,"승한, 일본 데뷔한다",2026-09-30,2026-09-30,2026-09-30,MEDIUM,30일,TITLE,N,,,"승한, 30일 일본 데뷔한다…승한앤소울, 첫 싱글 발매",2026-09-08T09:21:00+09:00,66,DATE_LOW_CONFIDENCE,http://www.dispatch.co.kr/2347549,https://m.entertain.naver.com/article/433/0000130411,,1,"SM엔터테인먼트는 8일 ""승한이 오는 30일 '승한앤소울'로 일본 첫 번째 싱글 '하이 빔'(HIGH BEAM)을 발매한다""고 밝혔다. 앨범 정식 공개를 앞두고 수록곡 음원을 선공개한다. 오는 9일 9시 각종 음악 플랫폼을 통해 '후 뉴?...",2026-09-09T08:04:22.590790+09:00,2026-09-09T08:04:22.590790+09:00,PENDING
7bb1a1d2ad7940fa2fa481ba,c3c726582f634c33725e7729,SM,5세대 그룹,hearts2hearts,Hearts2Hearts (하츠투하츠),CONCERT,스포티파이와 특급 콜라보.. 특별 공연,2026-10-02,2026-10-02,2026-10-02,HIGH,10월 2일,TITLE,N,서울,,"하츠투하츠, 스포티파이와 특급 콜라보..10월 2일 특별 공연 개최",2026-09-11T14:18:00+09:00,73,MANUAL_APPROVAL_REQUIRED,http://www.osen.co.kr/article/G1112873928,https://m.entertain.naver.com/article/109/0005604913,http://www.breaknews.com/1235985|http://www.beyondpost.co.kr/view.php?ud=202609111451276853d3244b4fed_30,3,그룹 하츠투하츠(Hearts2Hearts)가 세계 최대 음원 플랫폼 스포티파이(Spotify)의 새로운 프로젝트 ‘스포티파이 클로저(Spotify CLOSER)’의 첫 번째 아티스트로 발탁됐다. '스포티파이 클로저'는 국내 유망 아티스트를 집중...,2026-09-12T09:31:57.453640+09:00,2026-09-12T09:31:57.453640+09:00,PENDING
17d19809464244798a115249,0111974a14ba7f59b9f7147a,JYP,5세대 그룹,kickflip,KickFlip (킥플립),COMEBACK,"'JYP 보이그룹' , 더블 타이틀곡 확정[공식]",2026-10-06,2026-10-06,2026-10-06,HIGH,10월 6일,TITLE,N,,,"'JYP 보이그룹' 킥플립, 10월 6일 더블 타이틀곡 컴백 확정[공식]",2026-09-08T08:49:00+09:00,68,MANUAL_APPROVAL_REQUIRED,http://www.osen.co.kr/article/G1112871710,https://m.entertain.naver.com/article/109/0005602748,https://www.starnewskorea.com/music/2026/09/08/2026090808030622689|https://www.newsen.com/news_view.php?uid=202609080814190410,3,JYP의 보이그룹 킥플립이 오는 10월 6일 더블 타이틀곡으로 컴백한다. JYP엔터테인먼트는 8일 공식 채널을 통해 킥플립이 내달 6일 오후 6시에 발표하는 새 미니앨범 ‘킥 오프 더 월 파트 원(KICK OFF THE WALL Pt....,2026-09-09T08:04:22.590790+09:00,2026-09-09T08:04:22.590790+09:00,PENDING
b3521d30a78339034561241e,f7aff63595d837304f160d14,JYP,5세대 그룹,kickflip,KickFlip (킥플립),COMEBACK,..‘미완성’·‘Kick Off The Wall’ 더블 타,2026-10-06,2026-10-06,2026-10-06,HIGH,10월 6일,TITLE,N,,,"킥플립, 10월 6일 신보 발매..‘미완성’·‘Kick Off The Wall’ 더블 타...",2026-09-08T11:15:00+09:00,66,MANUAL_APPROVAL_REQUIRED,https://www.heraldmuse.com/article/10866163?ref=naver,https://m.entertain.naver.com/article/112/0003806710,,1,킥플립(KickFlip)이 더블 타이틀곡 ‘미완성’과 ‘Kick Off The Wall (Feat. iann dior)’(킥 오프 더 월(피처링. 이안 디올))로 돌아온다. 킥플립은 오는 10월 6일 새 미니 앨범 ‘KICK OFF THE WALL Pt. 1’(킥...,2026-09-09T08:04:22.590790+09:00,2026-09-09T09:28:59.717270+09:00,PENDING
3417634f2a6250e5468f88a6,7e547e9325cd3a623e5816bb,JYP,5세대 그룹,kickflip,KickFlip (킥플립),COMEBACK,KickFlip (킥플립) 컴백,2026-10-06,2026-10-06,2026-10-06,HIGH,10월 6일,TITLE,N,,,"킥플립, 오는 10월 6일 신보 발매",2026-09-08T08:26:00+09:00,66,MANUAL_APPROVAL_REQUIRED,https://www.bntnews.co.kr/article/view/bnt202609080035,https://www.bntnews.co.kr/article/view/bnt202609080035,,1,"킥플립, 오는 10월 6일 신보 발매 (제공: JYP엔터테인먼트) 킥플립(KickFlip)이 데뷔 첫 더블 타이틀곡으로 새로운 음악적 색깔을 선보인다. 킥플립은 오는 10월 6일 새 미니 앨범 ‘KICK OFF THE WALL Pt....",2026-09-09T08:04:22.590790+09:00,2026-09-09T08:04:22.590790+09:00,PENDING
a4f2d4b0b817191264f13cff,4b5d8551f8869feb2da6bd39,SM,SM Entertainment,super_junior_yesung,YESUNG (예성),COMEBACK,2년 만의 솔로,2026-10-06,2026-10-06,2026-10-06,MEDIUM,10월 6일,BODY,N,,,"슈퍼주니어 예성, 2년 만의 솔로 컴백…정규 2집 발매 예고",2026-09-16T10:48:00+09:00,66,DATE_LOW_CONFIDENCE,https://enter.etoday.co.kr/news/view/302501,https://enter.etoday.co.kr/news/view/302501,,1,그룹 슈퍼주니어 예성이 솔로 데뷔 10주년을 맞아 두 번째 정규 앨범을 선보인다. 예성은 오는 10월 6일 솔로 데뷔 10주년 기념 정규 2집 'Where We Are(웨어 위 아)'를 발매한다. 이번 앨범은 다양한 장르를...,2026-09-17T09:49:48.265888+09:00,2026-09-17T09:49:48.265888+09:00,PENDING
e5309a43f20ace4ea6e1c529,433908bd32cca2c3e6888769,SM,SM Entertainment,super_junior_yesung,YESUNG (예성),COMEBACK,새 정규 확정,2026-10-06,2026-10-06,2026-10-06,HIGH,10월 6일,TITLE,N,,,"예성, 10월 6일 새 정규 컴백 확정…2년만의 솔로귀환",2026-09-16T11:50:00+09:00,66,MANUAL_APPROVAL_REQUIRED,https://www.nc.press/news/articleView.html?idxno=626656,https://www.nc.press/news/articleView.html?idxno=626656,,1,그룹 슈퍼주니어 예성이 데뷔 10주년의 묵직한 내공을 꽉 채운 두 번째 정규 앨범과 함께 2년 만에 국내 솔로 무대로 화려하게 귀환한다. 16일 소속사 SM엔터테인먼트 측은 예성이 오는 10월 6일 솔로 데뷔...,2026-09-17T09:49:48.265888+09:00,2026-09-17T09:49:48.265888+09:00,PENDING
3038a3ddee046236fc19e81b,db1e4a9bb84e66d369b608e7,SM,SM Entertainment,super_junior_yesung,YESUNG (예성),COMEBACK,"슈주 , 10월 솔로 10주년 기념 앨범 발매",2026-10-06,2026-10-06,2026-10-06,MEDIUM,10월 6일,BODY,N,,,"슈주 예성, 10월 솔로 10주년 기념 앨범 발매…2년 만의 신보",2026-09-16T10:49:00+09:00,66,DATE_LOW_CONFIDENCE,https://www.news1.kr/entertain/music/6292003,https://m.entertain.naver.com/article/421/0009173297,,1,슈퍼주니어 멤버 예성이 솔로 데뷔 10주년을 기념하는 앨범으로 팬들을 만난다. 16일 소속사 SM엔터테인먼트는 예성이 솔로 데뷔 10주년을 기념하는 정규 2집 '웨어 위 아'(Where We Are)를 오는 10월 6일 발매한다고...,2026-09-17T09:49:48.265888+09:00,2026-09-17T09:49:48.265888+09:00,PENDING
1c4516a2ca37a45904e04141,82919e12d8246f999f370be4,SM,SM Entertainment,super_junior_yesung,YESUNG (예성),COMEBACK,"슈주 , 솔로 10주년 앨범 발매",2026-10-06,2026-10-06,2026-10-06,MEDIUM,10월 6일,BODY,N,,,"슈주 예성, 솔로 10주년 앨범 발매",2026-09-18T09:10:00+09:00,66,DATE_LOW_CONFIDENCE,https://www.bntnews.co.kr/article/view/bnt202609180125,https://www.bntnews.co.kr/article/view/bnt202609180125,,1,"슈주 예성, 솔로 10주년 앨범 발매 (제공: 에스엠엔터테인먼트) 그룹 슈퍼주니어 예성이 솔로 데뷔 10주년을 맞아 셀프 디렉팅으로 완성한 정규 앨범을 선보인다. 예성이 오는 10월 6일 정규 2집 ‘웨어 위 아(Where We Are)...",2026-09-18T09:43:23.798593+09:00,2026-09-18T09:43:23.798593+09:00,PENDING
98a828488f877d1b662d5fa9,646cf6609f600b74ebc70751,HYBE,플레디스,seventeen,SEVENTEEN (세븐틴),ADDITIONAL_SHOW,"디노, 마카오 공연 초고속 매진에 추가 회차",2026-10-10,2026-10-10,2026-10-10,MEDIUM,10월 10일,ENRICHED_BODY,N,마카오|서울,,"세븐틴 디노, 마카오 공연 초고속 매진에 추가 회차 개최",2026-09-17T13:26:00+09:00,83,DATE_ENRICHED_REVIEW,https://www.mk.co.kr/article/12155286,https://m.entertain.naver.com/article/009/0005736610,https://www.topstarnews.net/news/articleView.html?idxno=16196866,3,"그룹 세븐틴 디노가 팬들의 뜨거운 호응에 힘입어 마카오 단독 공연을 추가한다. 17일 소속사... 비롯해 세븐틴의 ‘HOT’, ‘March’ 등을 선보였다. 특히 디노는 자신의 솔로 캐릭터인 피철인과 세븐틴 멤버...",2026-09-18T09:43:23.798593+09:00,2026-09-18T09:43:23.798593+09:00,PENDING
f8212d3076e62cfee8917ccd,2534151a95a3a18a024a3c87,JYP,Studio J,xdinary_heroes,Xdinary Heroes,COMEBACK,10월 확정,2026-10-12,2026-10-12,2026-10-12,MEDIUM,10월 12일,BODY,N,,,"엑스디너리 히어로즈, 10월 컴백 확정",2026-09-21T13:18:00+09:00,66,DATE_LOW_CONFIDENCE,https://www.bntnews.co.kr/article/view/bnt202609210211,https://www.bntnews.co.kr/article/view/bnt202609210211,,1,"엑스디너리 히어로즈, 10월 컴백 확정 (제공: JYP엔터테인먼트) 엑스디너리 히어로즈(Xdinary Heroes, XH)가 오는 10월 12일 새 미니 앨범으로 컴백한다. JYP는 오늘(21일) 0시 그룹 공식 SNS 채널을 통해 엑스디너리...",2026-09-22T10:03:38.069807+09:00,2026-09-22T10:03:38.069807+09:00,PENDING
406d16d7b592177efc633f05,a9868c3d66a35f6d2109b20b,JYP,Studio J,xdinary_heroes,Xdinary Heroes,COMEBACK,5인 체제로 첫,2026-10-12,2026-10-12,2026-10-12,HIGH,10월 12일,TITLE,N,,,"엑스디너리 히어로즈, 5인 체제로 첫 컴백…10월 12일 신보 발매",2026-09-21T16:23:00+09:00,69,MANUAL_APPROVAL_REQUIRED,https://www.news1.kr/entertain/music/6297596,https://m.entertain.naver.com/article/421/0009183995,,1,밴드 엑스디너리 히어로즈가 5인 체제 재편 후 컴백한다. 21일 소속사 JYP엔터테인먼트(035900)는 엑스디너리 히어로즈가 오는 10월 12일 오후 6시 미니 9집 '임펄스'(IMPULSE)를 발매한다고 알렸다. 이날 0시 공식...,2026-09-22T10:03:38.069807+09:00,2026-09-22T10:03:38.069807+09:00,PENDING
a022210020812c8d1eef3870,2ba386b29e46b7e2fd88b8f0,JYP,Studio J,xdinary_heroes,Xdinary Heroes,COMEBACK,‘건일 탈퇴’ 전격 .. [공,2026-10-12,2026-10-12,2026-10-12,HIGH,10월 12일,TITLE,N,,,‘건일 탈퇴’ 엑스디너리 히어로즈 전격 컴백..10월 12일 신보 발매[공...,2026-09-21T15:07:00+09:00,69,MANUAL_APPROVAL_REQUIRED,https://www.heraldmuse.com/article/10880849?ref=naver,https://m.entertain.naver.com/article/112/0003807945,https://www.mydaily.co.kr/page/view/2026092113010690776,2,"JYP엔터테인먼트(이하 JYP) 보이밴드 엑스디너리 히어로즈(Xdinary Heroes, XH)가 10월 12일 돌아온다. JYP는 9월 21일 0시 그룹 공식 SNS 채널에 무드 필름을 게재하고 엑스디너리 히어로즈의 새 앨범 발매 소식을...",2026-09-22T10:03:38.069807+09:00,2026-09-22T10:03:38.069807+09:00,PENDING
54aca77d1977bd28f13aae08,53411444bc0018523f34b648,JYP,Studio J,xdinary_heroes,Xdinary Heroes,COMEBACK,임펄스,2026-10-12,2026-10-12,2026-10-12,HIGH,10월 12일,TITLE,N,,,"엑스디너리 히어로즈, 10월 12일 컴백…미니 앨범 ‘임펄스’ 발매",2026-09-21T13:51:00+09:00,69,MANUAL_APPROVAL_REQUIRED,https://isplus.com/article/view/isp202609210084,https://m.entertain.naver.com/article/241/0003531707,https://swtvnews.com/news/newsview.php?ncode=1065589329766331,2,"밴드 엑스디너리 히어로즈(정수, 가온, 오드, 준한, 주연)가 오는 10월 12일 새 미니앨범 ‘임펄스’를 발매하고 컴백한다. 소속사 JYP 엔터테인먼트는 21일 공식 사회관계망서비스(SNS)를 통해 무드 필름과 컴백 포스터...",2026-09-22T10:03:38.069807+09:00,2026-09-22T10:03:38.069807+09:00,PENDING
c086067c8a957dc5ca61dd0e,8419cb04a471691ebc6476b6,SM,4세대 그룹,nct_wish,NCT WISH,COMEBACK,I SPY,2026-10-12,2026-10-12,2026-10-12,HIGH,10월 12일,TITLE,N,,,"NCT WISH(엔시티 위시), 10월 12일 미니 4집 ‘I SPY’ 발매..컴백 기대감...",2026-09-14T10:14:00+09:00,66,MANUAL_APPROVAL_REQUIRED,http://www.breaknews.com/1236250,http://www.breaknews.com/1236250,,1,"브레이크뉴스 박동제 기자= 그룹 NCT WISH(엔시티 위시)가 오는 10월 12일 미니 4집 ‘I SPY’를 발매하며 컴백한다. 14일 소속사 SM엔터테인먼트에 따르면, NCT WISH의 네...",2026-09-15T09:50:51.899912+09:00,2026-09-15T09:50:51.899912+09:00,PENDING
57087f70208f21c5d1aa5140,26c3db318bae46604ad08f3d,SM,4세대 그룹,nct_wish,NCT WISH,COMEBACK,"[공식] 1년 2 확정.. , 미니 4집 발매",2026-10-12,2026-10-12,2026-10-12,HIGH,10월 12일,TITLE,N,,,"[공식] 1년 2컴백 확정..NCT WISH, 10월 12일 미니 4집 발매",2026-09-14T10:09:00+09:00,68,MANUAL_APPROVAL_REQUIRED,https://www.starnewskorea.com/music/2026/09/14/2026091410045383155,https://m.entertain.naver.com/article/108/0003470288,,1,보이 그룹 NCT WISH(엔시티 위시)가 10월 컴백한다. NCT WISH는 10월 12일 오후 6시 각종 온라인 음원 사이트를 통해 네 번째 미니앨범 'I SPY'(아이 스파이)를 발매한다. 동명의 타이틀곡 'I SPY'를 포함한 다양한...,2026-09-15T09:50:51.899912+09:00,2026-09-15T09:50:51.899912+09:00,PENDING
7d5f0e8eaeed33291ef3ea8b,64c0b2f24daa18c78b10ad95,SM,4세대 그룹,nct_wish,NCT WISH,COMEBACK,"‘3연속 밀리언셀러’ , ‘I SPY’ 확정",2026-10-12,2026-10-12,2026-10-12,HIGH,10월 12일,TITLE,N,,,"‘3연속 밀리언셀러’ NCT WISH, 10월 12일 ‘I SPY’ 컴백 확정",2026-09-14T10:35:00+09:00,66,MANUAL_APPROVAL_REQUIRED,https://www.newsen.com/news_view.php?uid=202609141020140410,https://m.entertain.naver.com/article/609/0001168804,,1,그룹 NCT WISH(엔시티 위시)가 10월 12일 컴백을 확정했다. NCT WISH는 10월 12일 오후 6시 국내외 음원 사이트를 통해 미니 4집 ‘I SPY’(아이 스파이)를 발매한다. 이번 앨범에는 동명의 타이틀곡 ‘I SPY’를...,2026-09-15T09:50:51.899912+09:00,2026-09-15T09:50:51.899912+09:00,PENDING
b254e1abf58b9759e7ea7de2,e5e893975c049954672bdab0,SM,4세대 그룹,nct_wish,NCT WISH,COMEBACK,아이 스파이,2026-10-12,2026-10-12,2026-10-12,MEDIUM,10월 12일,BODY,N,,,"NCT WISH, 10월 네 번째 미니앨범 ‘아이 스파이’ 발매",2026-09-14T09:52:00+09:00,66,DATE_LOW_CONFIDENCE,https://www.sportsseoul.com/news/read/1634892?ref=naver,https://m.entertain.naver.com/article/468/0001266088,,1,"‘확신의 대세’ 그룹 엔시티 위시(NCT WISH)(시온, 리쿠, 유우시, 재희, 료, 사쿠야)가 오는 10월 12일 네 번째 미니앨범을 전격 발매하며 하반기 가요계 정복에 나선다. SM엔터테인먼트에 따르면, 엔시티 위시의 네 번째...",2026-09-15T09:50:51.899912+09:00,2026-09-15T09:50:51.899912+09:00,PENDING
517697be386bcaaefc4ab303,5de27ab89638d56145ccf1f0,SM,4세대 그룹,nct_wish,NCT WISH,COMEBACK,연타석 흥행 나선다,2026-10-12,2026-10-12,2026-10-12,HIGH,10월 12일,TITLE,N,,,"NCT WISH, 연타석 흥행 나선다…10월 12일 ‘I SPY’ 컴백",2026-09-14T10:07:00+09:00,71,MANUAL_APPROVAL_REQUIRED,https://www.mk.co.kr/article/12151770,https://m.entertain.naver.com/article/009/0005734671,https://swtvnews.com/news/newsview.php?ncode=1065576261303107|https://www.tenasia.co.kr/article/2026091423724|https://www.heraldmuse.com/article/10872200?ref=naver,4,그룹 NCT WISH(엔시티 위시)가 10월 12일 컴백한다. NCT WISH는 오는 10월 12일 오후 6시 각종 음원 사이트를 통해 네 번째 미니앨범 ‘I SPY’(아이 스파이)를 발매한다. 신보에는 동명의 타이틀곡 ‘I SPY’를...,2026-09-15T09:50:51.899912+09:00,2026-09-15T09:50:51.899912+09:00,PENDING
d1241d573988ffabf3519dbd,06407b5d2187cb55b02f96e8,JYP,3세대 그룹,twice,TWICE,TOUR_ANNOUNCEMENT,THIS IS FOR,2026-10-16,2026-10-16,2026-10-16,MEDIUM,10월 16일,BODY,N,서울,,"트와이스, 월드투어 'THIS IS FOR' 서울 피날레 라이브 바이닐 발매",2026-09-22T08:06:00+09:00,72,DATE_LOW_CONFIDENCE,https://www.slist.kr/news/articleView.html?idxno=767952,https://www.slist.kr/news/articleView.html?idxno=767952,,1,트와이스와 팬덤 원스(ONCE)가 함께한 월드투어 서울 피날레 공연의 라이브와 함성이 스페셜 바이닐로 재현된다. 트와이스는 오는 10월 16일 오후 1시 'TWICE Special Vinyl 'THIS IS FOR' WORLD TOUR FINALE in SEOUL...,2026-09-22T10:03:38.069807+09:00,2026-09-22T10:03:38.069807+09:00,PENDING
8a0d75df125ac438f651c1d4,8b2cafdd7635e0766ac1039b,JYP,3세대 그룹,twice,TWICE,TOUR_ANNOUNCEMENT,내달 월드투어 피날레 공연 실황 LP,2026-10-16,2026-10-16,2026-10-16,MEDIUM,다음 달 16일,BODY,N,,,"트와이스, 내달 월드투어 피날레 공연 실황 LP 발표",2026-09-15T14:16:00+09:00,79,DATE_LOW_CONFIDENCE,https://www.yna.co.kr/view/AKR20260915109200005?input=1195m,https://m.entertain.naver.com/article/001/0016311792,,1,걸그룹 트와이스가 다음 달 16일 월드투어 '디스 이즈 포'(THIS IS FOR) 피날레 공연의 라이브 실황을 담은 스페셜 LP 음반을 발표한다고 소속사 JYP엔터테인먼트가 15일 밝혔다. 이번 LP에는 트와이스가 지난 7월 10...,2026-09-16T09:43:34.159903+09:00,2026-09-16T09:43:34.159903+09:00,PENDING
de4731a6c94d76ac7ca605b2,c2f7b2b2be141ad180f7e53f,JYP,3세대 그룹,twice,TWICE,TOUR_ANNOUNCEMENT,월드투어 서울 피날레 바이닐 발매,2026-10-16,2026-10-16,2026-10-16,MEDIUM,10월 16일,BODY,N,서울,,"트와이스, 월드투어 서울 피날레 바이닐 발매",2026-09-22T08:14:00+09:00,72,DATE_LOW_CONFIDENCE,https://www.bntnews.co.kr/article/view/bnt202609220071,https://www.bntnews.co.kr/article/view/bnt202609220071,,1,그룹 트와이스가 월드투어 서울 피날레 공연의 열기를 스페셜 바이닐에 담는다. 총 28곡의 라이브 음원과 팬덤 원스의 함성까지 수록해 월드투어의 추억을 기념한다. 트와이스는 오는 10월 16일 오후 1시 월드투어...,2026-09-22T10:03:38.069807+09:00,2026-09-22T10:03:38.069807+09:00,PENDING
59edcb373257ecf17c7e4d01,f442b5889ff4dc699063c9c9,JYP,3세대 그룹,twice,TWICE,TOUR_ANNOUNCEMENT,월드투어 피날레 서울 공연 라이브 담은 스페셜 바이닐 발매,2026-10-16,2026-10-16,2026-10-16,MEDIUM,10월 16일,BODY,N,서울,트와이스는 지난 7월 서울 송파구 KSPO DOME,"트와이스, 월드투어 피날레 서울 공연 라이브 담은 스페셜 바이닐 발매...",2026-09-15T10:04:00+09:00,72,DATE_LOW_CONFIDENCE,https://www.topstarnews.net/news/articleView.html?idxno=16194133,https://www.topstarnews.net/news/articleView.html?idxno=16194133,,1,"트와이스가 월드투어 피날레 무대를 담은 라이브 스페셜 바이닐로 팬들을 다시 찾는다. 10월 16일 오후... 트와이스는 지난 7월 서울 송파구 KSPO DOME에서 아시아, 오세아니아, 북미, 유럽 44개 지역 81회 규모로...",2026-09-16T09:43:34.159903+09:00,2026-09-16T09:43:34.159903+09:00,PENDING
73e5e07303afc9e8c2770a1e,41e04327ba6fd8aadfa49a51,JYP,3세대 그룹,twice,TWICE,TOUR_ANNOUNCEMENT,월드투어 피날레 서울 공연 실황 담은 LP 발매,2026-10-16,2026-10-16,2026-10-16,MEDIUM,10월 16일,BODY,N,서울,,"트와이스, 월드투어 피날레 서울 공연 실황 담은 LP 발매",2026-09-17T20:25:00+09:00,72,DATE_LOW_CONFIDENCE,https://www.ppss.kr/news/articleView.html?idxno=311346,https://www.ppss.kr/news/articleView.html?idxno=311346,,1,걸그룹 트와이스가 월드투어 피날레 공연 실황을 담은 스페셜 LP 음반을 발표한다. JYP엔터테인먼트는 트와이스가 오는 10월 16일 월드투어 '디스 이즈 포'(THIS IS FOR) 피날레 공연의 라이브 실황을 담은 LP를...,2026-09-18T09:43:23.798593+09:00,2026-09-18T09:43:23.798593+09:00,PENDING
48d7163f57680e7de37c4f4d,1e5cd3b1f4740ec1abffd593,JYP,JYP Japan,nexz,NEXZ (넥스지),TOUR_ANNOUNCEMENT,첫 아시아 투어 서울 공연 전 회차 매진,2026-10-17,2026-10-18,2026-10-17|2026-10-18,MEDIUM,10월 17~18일,BODY,N,서울,송파구 올림픽홀,"넥스지, 첫 아시아 투어 서울 공연 전 회차 매진…추가 좌석 오픈",2026-09-18T08:04:00+09:00,72,DATE_LOW_CONFIDENCE,https://www.slist.kr/news/articleView.html?idxno=767051,https://www.slist.kr/news/articleView.html?idxno=767051,,1,"넥스지(NEXZ)가 첫 아시아 투어 서울 공연 전 회차 매진에 힘입어 추가 좌석을 오픈한다. 넥스지(토모야, 유우, 하루, 소 건, 세이타, 휴이, 유키)는 오는 10월 17~18일 서울 송파구 올림픽홀에서 'NEXZ 1ST ASIA TOUR...",2026-09-18T09:43:23.798593+09:00,2026-09-18T09:43:23.798593+09:00,PENDING
28fa18edcc7590d7f6fd42df,45c49dda3b3a4b98cba283c8,JYP,JYP Japan,nexz,NEXZ (넥스지),TOUR_ANNOUNCEMENT,첫 아시아 투어 흥행 시동,2026-10-17,2026-10-17,2026-10-17,MEDIUM,10월 17일,BODY,N,서울,과 18일 서울 송파구 올림픽홀,"NEXZ, 첫 아시아 투어 흥행 시동…추가 좌석 오픈",2026-09-18T10:18:00+09:00,72,DATE_LOW_CONFIDENCE,http://www.atstar1.com/news/articleView.html?idxno=6038810,https://m.entertain.naver.com/article/415/0000052080,,1,NEXZ(넥스지)의 서울 공연이 전 회차 매진됐다. NEXZ는 오는 10월 17일과 18일 서울 송파구 올림픽홀에서 첫 아시아 투어 'NEXZ 1ST ASIA TOUR -SAUCIN' THE WORLD-'의 막을 올린다. 지난 9월 16일 일반 예매가 진행된 가운데...,2026-09-19T09:32:05.065069+09:00,2026-09-19T09:32:05.065069+09:00,PENDING
b2d4567e58c9146b2b5aaad5,29c85649a34aa84c26c4fe14,JYP,4세대 그룹,nmixx,NMIXX,COMEBACK,"'첫 대상' , 가요계",2026-10-19,2026-10-19,2026-10-19,HIGH,10월 19일,TITLE,N,,,"'첫 대상' 엔믹스, 10월 19일 가요계 컴백…'Strange Muse' 발표(공식)",2026-09-21T08:06:00+09:00,66,MANUAL_APPROVAL_REQUIRED,http://www.joynews24.com/view/2007608,http://www.joynews24.com/view/2007608,,1,그룹 엔믹스가 오는 10월 19일 미니 6집 'Strange Muse'를 발매하며 컴백한다. 21일 JYP엔터테인먼트는 공식 SNS 채널을 통해 엔믹스의 신보 트랙리스트를 공개했다. 앨범에는 타이틀곡 '긴 소원 (Birthday...,2026-09-21T09:26:14.807733+09:00,2026-09-21T09:26:14.807733+09:00,PENDING
82f23bda42aea9b663bea04b,5b96de0e80a38dc14030ded0,JYP,4세대 그룹,nmixx,NMIXX,COMEBACK,10월 확정,2026-10-19,2026-10-19,2026-10-19,MEDIUM,10월 19일,BODY,N,,,"엔믹스, 10월 컴백 확정",2026-09-23T09:24:00+09:00,66,DATE_LOW_CONFIDENCE,https://www.bntnews.co.kr/article/view/bnt202609230114,https://www.bntnews.co.kr/article/view/bnt202609230114,,1,"엔믹스, 10월 컴백 확정 (제공: JYP엔터테인먼트) NMIXX(엔믹스)가 새 미니 앨범으로 컴백을 확정하고 본격적인 티징에 돌입한다. NMIXX는 오는 10월 19일 여섯 번째 미니 앨범 ‘Strange Muse(스트레인지...",2026-09-23T09:52:22.605017+09:00,2026-09-23T09:52:22.605017+09:00,PENDING
fb3f54b0b40bbbcb194f3256,7bcb935da2fcef576b8580e7,JYP,4세대 그룹,nmixx,NMIXX,COMEBACK,NMIXX 컴백,2026-10-19,2026-10-19,2026-10-19,HIGH,10월 19일,TITLE,N,,,"엔믹스, 10월 19일 컴백 확정…'Strange Muse'로 가을 매력 정조준",2026-09-21T10:49:00+09:00,66,MANUAL_APPROVAL_REQUIRED,https://www.nc.press/news/articleView.html?idxno=626937,https://www.nc.press/news/articleView.html?idxno=626937,,1,그룹 엔믹스(NMIXX)가 몽환적인 가을 감성을 품은 새 앨범으로 5개월 만에 가요계에 돌아온다. 21일 소속사 JYP엔터테인먼트 측은 공식 채널을 통해 엔믹스가 오는 10월 19일 미니 6집 'Strange Muse(스트레인지 뮤즈)'로...,2026-09-21T09:26:14.807733+09:00,2026-09-22T10:03:38.069807+09:00,PENDING
5e631c95a97dfea201c7d798,3575aa580bde353cc8d8e6df,JYP,4세대 그룹,nmixx,NMIXX,COMEBACK,스트레인지 뮤즈,2026-10-19,2026-10-19,2026-10-19,HIGH,10월 19일,TITLE,N,,,"엔믹스, 10월 19일 컴백…미니 6집 '스트레인지 뮤즈' 발표",2026-09-21T10:16:00+09:00,66,MANUAL_APPROVAL_REQUIRED,https://www.news1.kr/entertain/music/6296808,https://m.entertain.naver.com/article/421/0009182605,http://www.breaknews.com/1238096,2,그룹 엔믹스(NMIXX)가 10월 19일 컴백한다. 21일 소속사 JYP엔터테인먼트(035900)에 따르면 엔믹스는 오는 10월 19일 미니 6집 '스트레인지 뮤즈'(Strange Muse)를 발매한다. 지난 5월 발매한 미니 5집 '헤비 세레나데...,2026-09-21T09:26:14.807733+09:00,2026-09-22T10:03:38.069807+09:00,PENDING
e99337f3d027c2bdd4eda6a3,16dc2a054096f443df078b5b,JYP,4세대 그룹,nmixx,NMIXX,COMEBACK,타이틀곡은 '긴 소원',2026-10-19,2026-10-19,2026-10-19,MEDIUM,10월 19일,BODY,N,,,"엔믹스, 새 앨범 타이틀곡은 '긴 소원'…컴백 모드 돌입",2026-09-23T09:37:00+09:00,69,DATE_LOW_CONFIDENCE,https://news.tf.co.kr/read/entertain/2369238.htm,https://m.entertain.naver.com/article/629/0000536468,,1,멤버 유닛곡 포함 6곡 수록 10월 19일 오후 6시 정식 발매 그룹 엔믹스(NMIXX)가 새 앨범 트랙리스트를 공개하고 본격적인 컴백 모드에 들어갔다. 소속사 JYP엔터테인먼트는 22일 오후 엔믹스(오해원 릴리 배이...,2026-09-23T09:52:22.605017+09:00,2026-09-23T09:52:22.605017+09:00,PENDING
e8267554b25a63e2b152a14c,a2585cf3fa7c47b3e5c5a7fa,JYP,4세대 그룹,nmixx,NMIXX,COMEBACK,확정⋯데뷔 이래 첫 '유닛곡' 담았다,2026-10-19,2026-10-19,2026-10-19,HIGH,내달 19일,TITLE,N,,,"엔믹스, 내달 19일 컴백 확정⋯데뷔 이래 첫 '유닛곡' 담았다",2026-09-21T08:14:00+09:00,66,MANUAL_APPROVAL_REQUIRED,https://www.etoday.co.kr/news/view/2627715,https://www.etoday.co.kr/news/view/2627715,,1,이투데이=장유진 기자 | 그룹 엔믹스(NMIXX)가 다음 달 19일 미니 6집 '스트레인지 뮤즈(Strange Muse)'를 발매하고 컴백한다. 엔믹스는 21일 0시 공식 SNS 채널을 통해 신보 발매 소식을 알리며 트랙리스트를...,2026-09-21T09:26:14.807733+09:00,2026-09-21T09:26:14.807733+09:00,PENDING
c62fdaba8e024bc3bb881f9f,09196907883f18ab0cd8fd45,JYP,Studio J,day6,DAY6,FANMEETING,"(데이식스), 10월 다섯 번째 공식 팬미팅",2026-10-23,2026-10-25,2026-10-23|2026-10-24|2026-10-25,HIGH,10월 23일~25일,BODY,N,,,"DAY6(데이식스), 10월 다섯 번째 공식 팬미팅 개최",2026-09-08T20:41:00+09:00,70,MANUAL_APPROVAL_REQUIRED,https://sports.khan.co.kr/article/202609082040003?pt=nv,https://m.entertain.naver.com/article/144/0001136925,,1,"아이돌밴드 DAY6(데이식스)가 오는 10월 23일~25일 다섯 번째 공식 팬미팅 ‘EVERY DAY6, EVERY My Day’를 개최한다. JYP엔터테인먼트는 지난 7일 SNS 채널에 DAY6 다섯 번째 공식 팬미팅 ‘DAY6 5TH FANMEETING < EVERY...",2026-09-09T08:04:22.590790+09:00,2026-09-09T09:28:59.717270+09:00,PENDING
161971c9715f45f847be1b96,f428401034352a9ac853a6d5,JYP,Studio J,day6,DAY6,FANMEETING,10월 5번째 팬미팅 ..가을밤 수놓는다,2026-10-23,2026-10-25,2026-10-23|2026-10-24|2026-10-25,HIGH,10월 23일부터 25일까지,BODY,N,인천,사흘간 인천 인스파이어 아레나,"DAY6, 10월 5번째 팬미팅 개최..가을밤 수놓는다",2026-09-08T14:06:00+09:00,72,MANUAL_APPROVAL_REQUIRED,http://www.osen.co.kr/article/G1112871829,https://m.entertain.naver.com/article/109/0005602859,http://www.joynews24.com/view/2003297|http://www.beyondpost.co.kr/view.php?ud=202609081025517354d3244b4fed_30,3,"밴드 데이식스(DAY6)가 오는 10월 23일부터 25일까지 사흘간 인천 인스파이어 아레나에서 다섯 번째 공식 팬미팅 'DAY6 5TH FANMEETING 'EVERY DAY6, EVERY My Day''를 열고 팬들과 만난다. 소속사 JYP엔터테인먼트는 7일...",2026-09-09T08:04:22.590790+09:00,2026-09-09T09:28:59.717270+09:00,PENDING
83f614f5aa00c5077475beab,301389a9b72bb43ab6018a84,JYP,Studio J,day6,DAY6,FANMEETING,10월 팬미팅,2026-10-23,2026-10-25,2026-10-23|2026-10-24|2026-10-25,HIGH,10월 23~25일,BODY,N,인천,인스파이어 아레나,"데이식스, 10월 팬미팅 개최…마이데이, 가을 추억 남긴다",2026-09-08T09:41:00+09:00,70,MANUAL_APPROVAL_REQUIRED,http://www.dispatch.co.kr/2347554,https://m.entertain.naver.com/article/433/0000130414,,1,"데이식스가 마이데이(팬덤명)과 특별한 시간을 보낸다. 데이식스는 오는 10월 23~25일 인천 인스파이어 아레나에서 5번째 공식 팬미팅 '에브리 데이식스, 에브리 마이데이'(EVERY DAY6, EVERY My Day)를 개최한다....",2026-09-09T08:04:22.590790+09:00,2026-09-09T09:28:59.717270+09:00,PENDING
1e4a3914468e71fea1b67ab2,33dc15529e45358d4d3ee269,JYP,Studio J,day6,DAY6,FANMEETING,10월 팬미팅 3회 전석매진 기염,2026-10-23,2026-10-25,2026-10-23|2026-10-24|2026-10-25,MEDIUM,10월 23~25일,BODY,N,인천,인스파이어 아레나,"데이식스, 10월 개최 팬미팅 3회 전석매진 기염",2026-09-19T08:04:00+09:00,70,DATE_LOW_CONFIDENCE,https://www.slist.kr/news/articleView.html?idxno=767355,https://www.slist.kr/news/articleView.html?idxno=767355,,1,DAY6(데이식스)가 내달 개최하는 팬미팅 전회차 선예매 매진을 달성하는 기염을 토했다. 사진=JYP DAY6는 10월 23~25일 인천 인스파이어 아레나에서 다섯 번째 공식 팬미팅 'DAY6 5TH FANMEETING '(<에브리 데이식스...,2026-09-19T09:32:05.065069+09:00,2026-09-19T09:32:05.065069+09:00,PENDING
442924a2a17bb7de1ffa0921,15ffe98d26588bc3f129dbd2,JYP,Studio J,day6,DAY6,FANMEETING,DAY6 팬미팅,2026-10-23,2026-10-25,2026-10-23|2026-10-24|2026-10-25,HIGH,10월 23~25일,TITLE,N,,,"데이식스, 10월 23~25일 팬미팅 개최…마이데이와 특별한 가을",2026-09-08T16:16:00+09:00,70,MANUAL_APPROVAL_REQUIRED,http://www.tvdaily.co.kr/read.php3?aid=17888514161801396010,https://m.entertain.naver.com/article/440/0000044618,,1,밴드 데이식스(DAY6)가 오는 10월 사흘간 다섯 번째 공식 팬미팅을 개최하고 팬들과 만난다. JYP엔터테인먼트는 7일 오후 공식 SNS 채널을 통해 데이식스의 다섯 번째 공식 팬미팅 '(데이식스 피프스 팬미팅 '에브리...,2026-09-09T08:04:22.590790+09:00,2026-09-09T09:28:59.717270+09:00,PENDING
c9d3ba8bc0fcf278ba1815dc,344d244e86b9cca4d950fd5c,JYP,Studio J,day6,DAY6,FANMEETING,"JYP , 공식 팬미팅",2026-10-23,2026-10-25,2026-10-23|2026-10-24|2026-10-25,HIGH,10월 23~25일,TITLE,N,,,"JYP 데이식스, 10월 23~25일 공식 팬미팅 개최… 온·오프라인 동시 진행",2026-09-08T16:30:00+09:00,70,MANUAL_APPROVAL_REQUIRED,https://www.mt.co.kr/stock/2026/09/08/2026090816200452026,https://n.news.naver.com/mnews/article/008/0005411019?sid=101,,1,JYP엔터테인먼트(JYP Ent.) 소속 밴드 데이식스(DAY6)가 오는 10월 대규모 공식 팬미팅을 열고 팬들과 만난다. 8일 JYP엔터테인먼트에 따르면 데이식스는 전날 오후 공식 SNS(소셜미디어) 채널을 통해 다섯 번째 공식...,2026-09-09T08:04:22.590790+09:00,2026-09-09T09:28:59.717270+09:00,PENDING
2af838dc4de88f1e2fcc060b,52d2104d6c2c4f1f0e3aa0d6,JYP,Studio J,day6,DAY6,FANMEETING,가을 팬 소통 프로젝트,2026-10-23,2026-10-25,2026-10-23|2026-10-24|2026-10-25,HIGH,10월 23~25일,BODY,N,인천,인스파이어 아레나,"데이식스, 가을 팬 소통 프로젝트…다섯 번째 팬미팅 개최",2026-09-08T13:46:00+09:00,70,MANUAL_APPROVAL_REQUIRED,https://enter.etoday.co.kr/news/view/302131,https://enter.etoday.co.kr/news/view/302131,,1,"밴드 데이식스(DAY6)가 오는 10월 대규모 팬미팅을 개최한다. 데이식스는 7일 공식 SNS에 팬미팅 포스터를 게재하고 오는 10월 23~25일 인천 인스파이어 아레나에서 다섯 번째 공식 팬미팅 'EVERY DAY6, EVERY My Day'(에브리...",2026-09-09T08:04:22.590790+09:00,2026-09-09T09:28:59.717270+09:00,PENDING
e1a811a8f8863ce0810c51dd,5dfb795f3d9112212af26b22,JYP,Studio J,day6,DAY6,FANMEETING,마이데이와 필연성을 이야기하다,2026-10-23,2026-10-25,2026-10-23|2026-10-24|2026-10-25,HIGH,10월 23일부터 25일까지,BODY,N,인천,인스파이어 아레나,"데이식스, 마이데이와 필연성을 이야기하다…10월 공식 팬미팅 개최",2026-09-09T05:26:00+09:00,70,MANUAL_APPROVAL_REQUIRED,https://www.spotvnews.co.kr/news/articleView.html?idxno=1006394,https://m.entertain.naver.com/article/477/0000627193,,1,"데이식스(DAY6)가 다음달 다섯 번째 팬미팅을 갖는다. 소속사 JYP엔터테인먼트에 따르면, 데이식스는 오는 10월 23일부터 25일까지 인천 인스파이어 아레나에서 다섯 번째 공식 팬미팅 '에브리 데이식스, 에브리 마이데이...",2026-09-09T08:04:22.590790+09:00,2026-09-09T09:28:59.717270+09:00,PENDING
723171ec48dda8325fcabb9c,13a0664ad37771a266ff1d29,HYBE,빌리프랩,illit,ILLIT (아일릿),COMEBACK,10월 확정,2026-10-26,2026-10-26,2026-10-26,MEDIUM,10월 26일,BODY,N,,,"아일릿, 10월 컴백 확정…'2026년 꽉 채운다'",2026-09-14T11:56:00+09:00,66,DATE_LOW_CONFIDENCE,https://news.tf.co.kr/read/entertain/2365518.htm,https://m.entertain.naver.com/article/629/0000533491,,1,"10월 26일 다섯 번째 미니앨범 'BREAK EVEN' 발표 4월 이후 쉼 없는 활동 그룹 아일릿(ILLIT)이 10월 컴백으로 '쉼표 없는 활동'을 이어간다. 소속사 빌리프랩은 14일 ""아일릿(윤아 민주 모카 원희 이로하)이 10월 26일...",2026-09-15T09:50:51.899912+09:00,2026-09-15T09:50:51.899912+09:00,PENDING
608cf64eed880c2281ca3d34,72ce083a234ec247cf03346b,HYBE,빌리프랩,illit,ILLIT (아일릿),COMEBACK,ILLIT (아일릿) 컴백,2026-10-26,2026-10-26,2026-10-26,HIGH,10월 26일,TITLE,N,,,"아일릿, 10월 26일 컴백…대세 굳히기 나선다",2026-09-14T11:30:00+09:00,66,MANUAL_APPROVAL_REQUIRED,https://www.tenasia.co.kr/article/2026091427484,https://m.entertain.naver.com/article/312/0000776007,,1,그룹 아일릿(ILLIT)이 오는 10월 26일 다섯 번째 미니앨범 'BREAK EVEN'을 발매한다. 앨범명은 손실과... 그동안 상대를 향해 주저 없이 다가가는 모습을 표현해 온 아일릿은 'BREAK EVEN'에서 태도를 바꾼다....,2026-09-15T09:50:51.899912+09:00,2026-09-15T09:50:51.899912+09:00,PENDING
68652b26dddf22fe36d1f89b,a7448d00344b21ff1779ca34,HYBE,빌리프랩,illit,ILLIT (아일릿),COMEBACK,브레이크 이븐,2026-10-26,2026-10-26,2026-10-26,MEDIUM,10월 26일,BODY,N,,,"아일릿, 10월 새 미니앨범 '브레이크 이븐' 발표",2026-09-17T17:37:00+09:00,66,DATE_LOW_CONFIDENCE,https://www.ppss.kr/news/articleView.html?idxno=311341,https://www.ppss.kr/news/articleView.html?idxno=311341,,1,"걸그룹 아일릿이다섯 번째 미니앨범 '브레이크 이븐'으로 돌아온다. 빌리프랩은 지난 14일 ""아일릿이 오는 10월 26일 다섯 번째 미니앨범 '브레이크 이븐'(BREAK EVEN)을 발매한다""고 밝혔다. 앨범명 '브레이크 이븐'은...",2026-09-15T09:50:51.899912+09:00,2026-09-18T09:43:23.798593+09:00,PENDING
f14126cf579bea06f66fa2ad,d2512e4e63e07bc6b0cb402c,HYBE,빌리프랩,illit,ILLIT (아일릿),COMEBACK,연타석 흥행 도전.. 'BREAK EVEN' 확정,2026-10-26,2026-10-26,2026-10-26,HIGH,10월 26일,TITLE,N,,,"아일릿, 연타석 흥행 도전..10월 26일 'BREAK EVEN' 컴백 확정",2026-09-14T11:36:00+09:00,68,MANUAL_APPROVAL_REQUIRED,http://www.osen.co.kr/article/G1112875415,https://m.entertain.naver.com/article/109/0005606369,,1,그룹 아일릿이 약 6개월 만에 컴백한다. 소속사 빌리프랩은 14일 “아일릿이 오는 10월 26일 미니 5집 ‘브레이크 이븐(BREAK EVEN)’을 발표한다”고 밝혔다. 이로써 아일릿은 지난 4월 발표했던 미니 4집...,2026-09-15T09:50:51.899912+09:00,2026-09-15T09:50:51.899912+09:00,PENDING
6309816948aef61ae1ff8c2f,9167f67e308cd15032f1e508,SM,4세대 그룹,riize,RIIZE,COMEBACK,10월 →내년 봄 정규 2집 청사진,2026-10-26,2026-10-26,2026-10-26,MEDIUM,10월 26일,BODY,N,,,"라이즈, 10월 컴백→내년 봄 정규 2집 발표 청사진",2026-09-14T08:52:00+09:00,66,DATE_LOW_CONFIDENCE,https://sports.donga.com/ent/article/all/20260914/134661520/1,https://m.entertain.naver.com/article/382/0001293816,,1,RIIZE : ON AIR)’를 개최했다. 양일간 전석 매진을 기록하며 총 2만 3000여 명의 관객을 동원해 막강한 티켓 파워를 입증했다. 이날 공연의 하이라이트는 종료 직후 상영된 특별 영상이었다. 영상에는 오는 10월 26일...,2026-09-14T09:21:40.780716+09:00,2026-09-14T09:21:40.780716+09:00,PENDING
3e0f97f46500f104589d8850,fa5281d2ebf5458828bb7fa9,SM,4세대 그룹,riize,RIIZE,COMEBACK,2027년 정규 2집 온다.. 프롤로그 싱글 발매,2026-10-26,2026-10-26,2026-10-26,HIGH,10월 26일,TITLE,N,인천,인스파이어 아레나,"라이즈, 2027년 정규 2집 온다..10월 26일 프롤로그 싱글 발매",2026-09-14T09:52:00+09:00,66,MANUAL_APPROVAL_REQUIRED,https://www.heraldmuse.com/article/10872186?ref=naver,https://m.entertain.naver.com/article/112/0003807279,,1,라이즈(RIIZE)가 데뷔 3주년 기념 팬미팅에서 앞으로의 활동에 대해 예고했다. 9월 12~13일 인천 인스파이어 아레나가 360도 전체 개방된 규모로 라이즈 데뷔 3주년 기념 팬미팅 ‘Ch. RIIZE : ON AIR’(채널 라이즈 : 온...,2026-09-15T09:50:51.899912+09:00,2026-09-15T09:50:51.899912+09:00,PENDING
c87fa017e48e2637510df2d0,91aa4ca8939a7d91609fd43e,SM,SM Entertainment,irene_seulgi,IRENE & SEULGI,COMEBACK,"레드벨벳 , 일본 정식 유닛 데뷔",2026-11-04,2026-11-04,2026-11-04,MEDIUM,11월 4일,BODY,N,,,"레드벨벳 아이린&슬기, 일본 정식 유닛 데뷔…11월 첫 미니앨범 발매",2026-09-10T14:00:00+09:00,69,DATE_LOW_CONFIDENCE,http://www.queen.co.kr/news/articleView.html?idxno=463145,http://www.queen.co.kr/news/articleView.html?idxno=463145,https://sports.donga.com/ent/article/all/20260910/134644703/1,2,SM엔터테인먼트 그룹 레드벨벳의 유닛 아이린&슬기가 일본에서 첫 미니앨범을 발매하며 정식 유닛 데뷔에 나선다. 아이린&슬기는 오는 11월 4일 일본 첫 미니앨범 '치타'(Cheetah)를 현지에서 발매한다. 이에 앞서 오는 9월...,2026-09-11T09:26:43.074563+09:00,2026-09-11T09:26:43.074563+09:00,PENDING
b451fcc39393ae3a2fed6bd1,7f05e9e2529a9373c991dbb4,SM,SM Entertainment,irene_seulgi,IRENE & SEULGI,TOUR_ANNOUNCEMENT,"레드벨벳- , 日 데뷔",2026-11-04,2026-11-04,2026-11-04,HIGH,11월 4일,TITLE,N,,,"레드벨벳-아이린&슬기, 日 데뷔…11월 4일 첫 미니앨범 발매→투어 개최",2026-09-10T09:40:00+09:00,72,MANUAL_APPROVAL_REQUIRED,https://swtvnews.com/news/newsview.php?ncode=1065572815628703,https://swtvnews.com/news/newsview.php?ncode=1065572815628703,http://www.joynews24.com/view/2004263|https://www.news1.kr/entertain/music/6285984,3,"▲ 레드벨벳-아이린&슬기 폭넓은 음악 스펙트럼과 탁월한 콘셉트 소화력, 완성도 높은 퍼포먼스를 바탕으로 독보적인 색깔을 구축하며 글로벌 팬들의 폭넓은 사랑을 받는 레드벨벳-아이린&슬기가 일본에서...",2026-09-11T09:26:43.074563+09:00,2026-09-11T09:26:43.074563+09:00,PENDING
ef0225e2331395c62359edb0,50854cc237cbdd1353b6c377,SM,SM Entertainment,tvxq_changmin,MAX CHANGMIN (최강창민),CONCERT,11월 데뷔 첫 국내 솔로 콘서트,2026-11-06,2026-11-08,2026-11-06|2026-11-07|2026-11-08,MEDIUM,11월 6일부터 8일까지,ENRICHED_BODY,N,서울,사흘간 예스24 라이브홀,"동방신기 최강창민, 11월 데뷔 첫 국내 솔로 콘서트 개최… 'RESONANCE' 포...",2026-09-14T15:28:00+09:00,71,DATE_ENRICHED_REVIEW,https://www.stardailynews.co.kr/news/articleView.html?idxno=550038,https://www.stardailynews.co.kr/news/articleView.html?idxno=550038,,2,동방신기 최강창민이 10월 중순 컴백한다. 소속사 SM엔터테인먼트는 14일 최강창민이 10월 중순 컴백을... 투어 지역 및 일정은 추후 동방신기 공식 채널을 통해 공개될 예정이다. 최강창민은 그룹 활동 외에도...,2026-09-15T09:50:51.899912+09:00,2026-09-15T09:50:51.899912+09:00,PENDING
cb104cc521313af5df9d2667,4c6cd00e7c5a57e14250217f,HYBE,빅히트 뮤직,txt,TXT (투모로우바이투게더),TOUR_ANNOUNCEMENT,'STEAL THE WIND'로 11월 월드 투어 스타트,2026-11-13,2026-11-15,2026-11-13|2026-11-14|2026-11-15,MEDIUM,11월 13일부터 15일까지,BODY,N,서울,송파구 올림픽공원 KSPO DOME,"투모로우바이투게더, 'STEAL THE WIND'로 11월 월드 투어 스타트…온·오...",2026-09-14T15:42:00+09:00,72,DATE_LOW_CONFIDENCE,https://www.mhns.co.kr/news/articleView.html?idxno=760281,https://www.mhns.co.kr/news/articleView.html?idxno=760281,https://www.topstarnews.net/news/articleView.html?idxno=16192689,2,"투모로우바이투게더가 오는 11월 13일부터 15일까지 서울 송파구 올림픽공원 KSPO DOME에서 새로운 월드 투어 'STEAL THE WIND'의 막을 연다. 'STEAL THE WIND'는 서울 첫 공연을 시작으로 아시아, 일본, 북미, 유럽 등 각...",2026-09-15T09:50:51.899912+09:00,2026-09-15T09:50:51.899912+09:00,PENDING
7deb28fd85a51871f6299f86,7e14e0294e2c48a41dd44b80,HYBE,빅히트 뮤직,txt,TXT (투모로우바이투게더),TOUR_ANNOUNCEMENT,다섯 번째 월드투어 나선다,2026-11-13,2026-11-15,2026-11-13|2026-11-14|2026-11-15,HIGH,11월 13일부터 15일까지,BODY,N,서울,송파구 올림픽공원 KSPO DOME,"TXT, 다섯 번째 월드투어 나선다…11월 서울서 출발",2026-09-14T14:10:00+09:00,72,MANUAL_APPROVAL_REQUIRED,https://www.tenasia.co.kr/article/2026091431624,https://m.entertain.naver.com/article/312/0000776029,,1,그룹 투모로우바이투게더(TXT)가 오는 11월 서울에서 다섯 번째 월드투어의 막을 올린다. 투모로우바이투게더는 오는 11월 13일부터 15일까지 서울 송파구 올림픽공원 KSPO DOME에서 'TOMORROW X TOGETHER WORLD TOUR IN SEOUL...,2026-09-15T09:50:51.899912+09:00,2026-09-15T09:50:51.899912+09:00,PENDING
58e7cf6cdfb7e604472e1aa5,596eda8acaf33f16482200bc,YG,그룹/멤버 분리,bigbang,BIGBANG (빅뱅),TOUR_ANNOUNCEMENT,11월 월드투어 홍콩 콘서트,2026-11-13,2026-11-15,2026-11-13|2026-11-14|2026-11-15,HIGH,11월 13일부터 15일까지,BODY,N,홍콩,,"빅뱅, 11월 월드투어 홍콩 콘서트 개최…예매 방법?",2026-09-09T22:04:00+09:00,72,MANUAL_APPROVAL_REQUIRED,https://www.topstarnews.net/news/articleView.html?idxno=16188164,https://www.topstarnews.net/news/articleView.html?idxno=16188164,,1,빅뱅(BIGBANG)의 월드투어 콘서트 홍콩 공연 예매 일정이 공개됐다. 9일 텐센트 뮤직 엔터테인먼트 그룹(TME)에 따르면 '빅뱅 2026-2027 월드투어 'XX: COSMOS' 인 홍콩' 공연은 오는 11월 13일부터 15일까지 홍콩...,2026-09-10T09:28:59.132667+09:00,2026-09-10T09:28:59.132667+09:00,PENDING
d2d71e43d815f43ddd1f118d,cfd927333c7b0cfc1ae8a248,HYBE,빅히트 뮤직,txt,TXT (투모로우바이투게더),ADDITIONAL_SHOW,마카오 2회 공연 매진됐다,2026-11-20,2026-11-20,2026-11-20,MEDIUM,11월 20일,BODY,N,마카오,,"TXT, 마카오 2회 공연 매진됐다…월드투어 추가 공연 확정",2026-09-23T10:15:00+09:00,78,DATE_LOW_CONFIDENCE,https://www.tenasia.co.kr/article/2026092329614,https://m.entertain.naver.com/article/312/0000777268,,1,그룹 투모로우바이투게더(TXT)가 월드투어 마카오 공연을 한 차례 추가한다. 23일 소속사 빅히트 뮤직에 따르면 투모로우바이투게더는 지난 22일 일반 예매에서 마카오 공연 2회차가 매진되면서 11월 20일 공연을...,2026-09-24T09:47:59.847990+09:00,2026-09-24T09:47:59.847990+09:00,PENDING
37a89881976cd1fba33f5393,7096461d65829c07afe0997e,HYBE,빅히트 뮤직,txt,TXT (투모로우바이투게더),ADDITIONAL_SHOW,마카오 전석 매진에 추가 공연 확정,2026-11-21,2026-11-22,2026-11-21|2026-11-22,HIGH,11월 21~22일,ENRICHED_BODY,N,마카오,,"TXT, 마카오 전석 매진에 추가 공연 확정…사흘간 MOA 만난다",2026-09-23T15:02:00+09:00,78,DATE_ENRICHED_REVIEW,http://www.atstar1.com/news/articleView.html?idxno=6038963,https://m.entertain.naver.com/article/415/0000052216,,2,투모로우바이투게더가 월드투어 마카오 공연 매진에 힘입어 추가 회차를 확정했다. 투모로우바이투게더의 새 월드투어 'TOMORROW X TOGETHER WORLD TOUR -STEAL THE WIND-' 마카오 공연은 지난 22일 일반 예매에서 전석...,2026-09-24T09:47:59.847990+09:00,2026-09-24T09:47:59.847990+09:00,PENDING
9a98bda2da40d95199640215,45a08ef74c0a1e708c3f732c,SM,SM Entertainment,shinee_minho,MINHO (민호),TOUR_ANNOUNCEMENT,두 번째 솔로 투어 .. 서울서 포문,2026-11-28,2026-11-28,2026-11-28,HIGH,11월 28일,TITLE,N,서울,과 29일 양일간 서울 강서구 KBS 아레나|과 29일 양일간 서울 강서구 KBS아레나|양일간 서울 강서구 KBS아레나,"샤이니 민호, 두 번째 솔로 투어 개최..11월 28일 서울서 포문",2026-09-22T16:27:00+09:00,72,MANUAL_APPROVAL_REQUIRED,https://www.heraldmuse.com/article/10882433?ref=naver,https://m.entertain.naver.com/article/112/0003808101,http://www.beyondpost.co.kr/view.php?ud=20260922145050225d3244b4fed_30|https://mhnse.com/news/articleView.html?idxno=1557471|https://isplus.com/article/view/isp202609220147,4,"샤이니 민호가 오는 11월 서울 공연을 시작으로 두 번째 솔로 투어에 돌입한다. 민호는 11월 28~29일 양일간 서울 강서구 KBS아레나에서 ‘MINHO CONCERT ’(민호 콘서트 <민 : 오브 페럴>)을 개최, ‘2024 MINHO CONCERT...",2026-09-23T09:52:22.605017+09:00,2026-09-23T09:52:22.605017+09:00,PENDING
f026d0bec80a8c22c92a3845,50dd5565cc6ac8cb6aed7095,JYP,4세대 그룹,nmixx,NMIXX,COMEBACK,열도 정식 데뷔,2026-12-09,2026-12-09,2026-12-09,HIGH,12월 9일,TITLE,N,,,"엔믹스, 열도 정식 데뷔…12월 9일 日 베스트 앨범 발매",2026-07-31T15:08:00+09:00,66,MANUAL_APPROVAL_REQUIRED,https://www.news1.kr/entertain/music/6245346,https://m.entertain.naver.com/article/421/0009090691,https://www.yna.co.kr/view/AKR20260731152200005?input=1195m|https://www.etoday.co.kr/news/view/2609746|https://www.slist.kr/news/articleView.html?idxno=755625|https://www.edaily.co.kr/news/newspath.asp?newsid=04887206645520096,5,"그룹 엔믹스(NMIXX)가 일본 정식 데뷔에 나선다. 31일 소속사 JYP엔터테인먼트는 엔믹스(릴리, 해원, 설윤, 배이, 지우, 규진)이 오는 12월 9일 일본 데뷔 베스트 앨범 '엔이퀄믹스'(N=MIXX)를 발매한다고 알렸다. 이번...",2026-08-01T08:33:21.050332+09:00,2026-08-01T08:33:21.050332+09:00,PENDING
415955636b4828b678f9393d,ace9b04748bc51d48d05c9b6,SM,4세대 그룹,riize,RIIZE,COMEBACK,내년 정규 2집 확정.. 프롤로그 싱글 발매[공식],2027-10-26,2027-10-26,2027-10-26,HIGH,10월 26일,TITLE,N,,,"라이즈, 내년 정규 2집 컴백 확정..10월 26일 프롤로그 싱글 발매[공식]",2026-09-14T08:17:00+09:00,71,MANUAL_APPROVAL_REQUIRED,http://www.osen.co.kr/article/G1112875375,https://m.entertain.naver.com/article/109/0005606316,,1,"RIIZE : ON AIR)’를 진행한 가운데, 내년 봄 정규 2집 발표를 알렸다. 이번 라이즈의 팬미팅은 양일 전석 매진되면 2만 3000여 명의 팬들이 모였다. 라이즈는 공연 종료 후 공개한 특별 영상을 통해 다가오는 10월 26일...",2026-09-14T09:21:40.780716+09:00,2026-09-14T09:21:40.780716+09:00,PENDING
75b509c13eaf139943d24a1b,bd0d70dd9b026ce8cb0567b0,HYBE,YX LABELS,andteam,&TEAM (앤팀),COMEBACK,"[ET포토] , '2번째 미니 앨범 Mark on Me '",,,,NONE,,,N,서울,,"[ET포토] 앤팀, '2번째 미니 앨범 Mark on Me 발표'",2026-09-08T14:53:00+09:00,66,DATE_NOT_FOUND,https://www.etnews.com/20260908000279,https://m.entertain.naver.com/article/030/0003464785,,1,"그룹 앤팀(&TEAM/ 의주, 후마, 케이, 니콜라스, 유마, 조, 하루아, 타키, 마키)이 8일 서울 상암 SBS프리즘타워에서 진행된 미니 2집 ‘마크 온 미(Mark on Me) 발매 미디어 쇼케이스 일정에 참석했다.",2026-09-09T08:04:22.590790+09:00,2026-09-09T08:04:22.590790+09:00,PENDING
aa2b554d09fcea3ccbe55853,6915d2e675ed6e7fbd1f9ab9,HYBE,YX LABELS,andteam,&TEAM (앤팀),COMEBACK,"앤팀( ), 4연속 밀리언 달성",,,,NONE,,,N,,,"앤팀(&TEAM), 4연속 밀리언 달성…신보 발매 첫날 122만장 팔렸다",2026-09-10T08:41:00+09:00,72,DATE_NOT_FOUND,https://www.newsis.com/view/NISX20260910_0003783481,https://m.entertain.naver.com/article/003/0014181083,,1,"하이브 글로벌 보이 그룹 '앤팀(&TEAM)'이 한국 미니 2집으로 첫날 밀리언셀러를 기록하며 4연속 기록을 세웠다. 10일 음반 판매량 집계 사이트 한터차트에 따르면, 지난 8일 발매된 앤팀의 미니 2집 '마크 온 미...",2026-09-10T09:28:59.132667+09:00,2026-09-10T09:28:59.132667+09:00,PENDING
4ac18ff8369753b58333fdbc,465cf1aa892da07f571fbed8,HYBE,YX LABELS,andteam,&TEAM (앤팀),COMEBACK,"앤팀( ), 발매 첫날 밀리언셀러..'Mark on Me' 무대 잔혹동화 완",,,,NONE,,,N,,,"앤팀(&TEAM), 발매 첫날 밀리언셀러..'Mark on Me' 컴백 무대 잔혹동화 완...",2026-09-11T11:28:00+09:00,68,DATE_NOT_FOUND,http://www.osen.co.kr/article/G1112873822,https://m.entertain.naver.com/article/109/0005604809,,1,"‘하이브 글로벌 그룹’ &TEAM(앤팀)이 신곡 ‘Mark on Me’로 압도적인 컴백 첫 무대를 선보이며 늑대 서사의 새로운 챕터를 성공적으로 열었다. &TEAM(의주, 후마, 케이, 니콜라스, 유마, 조, 하루아, 타키, 마키)...",2026-09-12T09:31:57.453640+09:00,2026-09-12T09:31:57.453640+09:00,PENDING
56cf54b29594203958adc00b,fb8b3bd455a1f3f69e62b5b4,HYBE,KOZ,boynextdoor,BOYNEXTDOOR (보이넥스트도어),ADDITIONAL_SHOW,대만 3회 전석 매진,,,,NONE,,,N,홍콩,,"보이넥스트도어, 대만 3회 전석 매진…홍콩도 추가 공연",2026-09-18T13:34:00+09:00,78,DATE_NOT_FOUND,https://www.slist.kr/news/articleView.html?idxno=767226,https://www.slist.kr/news/articleView.html?idxno=767226,,1,보이넥스트도어가 첫 월드 투어에서 잇단 매진 행렬을 이어가며 글로벌 티켓 파워를 보여주고 있다. 보이넥스트도어는 18일 팬 플랫폼 위버스를 통해 첫 월드 투어 'BOYNEXTDOOR TOUR 'KNOCK ON Vol.2'' 홍콩 공연을 1회...,2026-09-19T09:32:05.065069+09:00,2026-09-19T09:32:05.065069+09:00,PENDING
31c0e8b75940656ea46d3b16,2b5462c083146f4ac8f5ee38,HYBE,KOZ,boynextdoor,BOYNEXTDOOR (보이넥스트도어),ADDITIONAL_SHOW,첫 월드투어가 이 정도,,,,NONE,,,N,,,보이넥스트도어 첫 월드투어가 이 정도…대만 추가 회차도 매진,2026-09-11T11:25:00+09:00,78,DATE_NOT_FOUND,https://www.newsen.com/news_view.php?uid=202609111122132410,https://m.entertain.naver.com/article/609/0001167897,,1,"소속사 KOZ 엔터테인먼트의 대표 프로듀서이자 아티스트 지코(ZICO)를 비롯해 명재현, 태산, 운학이 곡 작업에 참여했다. 보이넥스트도어는 오는 11일과 12일 새 앨범의 콘셉트를 엿볼 수 있는 스페셜 리포트 비디오...",2026-09-12T09:31:57.453640+09:00,2026-09-12T09:31:57.453640+09:00,PENDING
37cee062f37f81b6a46fb761,e40dcc36b77af51b4c4f7db1,HYBE,KOZ,boynextdoor,BOYNEXTDOOR (보이넥스트도어),COMEBACK,출입 통제선으로 감싼 'HOME: DELUXE',,,,NONE,,,N,,,"보이넥스트도어, 출입 통제선으로 감싼 'HOME: DELUXE' 컴백 일정 공개",2026-09-08T08:48:00+09:00,66,DATE_NOT_FOUND,https://www.topstarnews.net/news/articleView.html?idxno=16186265,https://www.topstarnews.net/news/articleView.html?idxno=16186265,,1,보이넥스트도어(BOYNEXTDOOR)가 정규 1집 리패키지 발매를 앞두고 컴백까지의 일정을 한눈에 볼 수 있는 스케줄러를 선보였다. 표지판과 출입 통제선 등으로 꾸민 이미지에 동물 실루엣을 연상시키는 요소를 더해 새...,2026-09-09T08:04:22.590790+09:00,2026-09-09T08:04:22.590790+09:00,PENDING
96c4f08f8ab6b5537d975145,849603235704a597d5567505,HYBE,KOZ,boynextdoor,BOYNEXTDOOR (보이넥스트도어),ADDITIONAL_SHOW,홍콩까지 매진 행렬에 월드 투어 추가 회차 확정,,,,NONE,,,N,부산|서울|오사카|홍콩,,"보이넥스트도어, 홍콩까지 매진 행렬에 월드 투어 추가 회차 확정",2026-09-18T13:44:00+09:00,78,DATE_NOT_FOUND,https://www.topstarnews.net/news/articleView.html?idxno=16198235,https://www.topstarnews.net/news/articleView.html?idxno=16198235,,1,"보이넥스트도어(BOYNEXTDOOR)가 첫 월드 투어에서 국내와 일본을 넘어 중화권까지 매진 흐름을 이어가고 있다. 서울과 부산, 일본 오사카·치바·나가노에 이어 대만과 홍콩 공연까지 전 회차가 매진되면서 투어 규모도...",2026-09-19T09:32:05.065069+09:00,2026-09-19T09:32:05.065069+09:00,PENDING
12b51026b34a334bb7794a18,a1df6bb239baaff48597e766,HYBE,빌리프랩,enhypen,ENHYPEN,ADDITIONAL_SHOW,"남미 흔든 , 이제 유럽으로",,,,NONE,,,N,,,"남미 흔든 엔하이픈, 이제 유럽으로…‘BLOOD SAGA’ 추가 공연",2026-09-08T09:12:00+09:00,78,DATE_NOT_FOUND,https://sports.donga.com/ent/article/all/20260908/134624434/1,https://m.entertain.naver.com/article/382/0001292635,,1,"엔하이픈이 미니 8집 ‘THE SIN : BLISS’ 활동으로 데뷔 후 첫 음악방송 그랜드 슬램(6관왕)을 달성한 데 이어, 스페셜 무대와 월드투어 추가 개최로 열기를 이어간다. 엔하이픈은 최근 팬 소통 플랫폼 위버스를...",2026-09-09T08:04:22.590790+09:00,2026-09-09T08:04:22.590790+09:00,PENDING
7790ccfb25ed709fe3ad8038,0a4c235b2c95e05fc9e7dbb3,HYBE,빌리프랩,evan,EVAN (이반),COMEBACK,"솔로 아티스트 에반( ), 이틀째 글로벌 차트서 선전",,,,NONE,,,N,,,"솔로 아티스트 에반(EVAN), 신보 발매 이틀째 글로벌 차트서 선전",2026-09-10T03:41:00+09:00,66,DATE_NOT_FOUND,https://sports.khan.co.kr/article/202609100340003?pt=nv,https://m.entertain.naver.com/article/144/0001137233,,1,“다양한 곡들로 온전히 자신을 담아낸 앨범” 지난 7일 공개된 에반의 미니 1집 ‘DEATH OF ME’는 전 세계 11개 국가/지역 아이튠즈 ‘톱 앨범’ 1위를 차지했고 32개 국가/지역 차트 순위권에 들었다. 앨범과 동명의...,2026-09-10T09:28:59.132667+09:00,2026-09-10T09:28:59.132667+09:00,PENDING
102fda4aedf341987173186d,e3dccf0d3f6017c35de5cbe3,HYBE,빌리프랩,illit,ILLIT (아일릿),CONCERT,"‘ 작사가’ 무라사키 이마, 12월 첫 단독 내한 공연 [공식]",,,,NONE,,,N,,,"‘아일릿 작사가’ 무라사키 이마, 12월 첫 단독 내한 공연 개최[공식]",2026-09-16T15:08:00+09:00,71,DATE_NOT_FOUND,https://www.heraldmuse.com/article/10875745?ref=naver,https://m.entertain.naver.com/article/112/0003807520,,1,특히 그는 2025년 아일릿(ILLIT)의 일본 데뷔 타이틀곡 ‘時よ止まれ(시간아 멈춰라)’ 작사에 참여해 국내에서도 주목받았다. 같은 해 첫 해외 페스티벌 ‘원더리벳 2025(WONDERLIVET 2025)’로 한국 무대에...,2026-09-17T09:49:48.265888+09:00,2026-09-17T09:49:48.265888+09:00,PENDING
145a3cf8a16bfb5fff143901,c5066ae6c2a1d08a2f07be24,HYBE,HYBE x Geffen,katseye,KATSEYE (캣츠아이),POPUP,WILD,,,,NONE,,,N,서울,,"캣츠아이, 미니 3집 ‘WILD’ 팝업스토어 오픈",2026-08-06T10:38:00+09:00,68,DATE_NOT_FOUND,https://www.bntnews.co.kr/article/view/bnt202608060151,https://www.bntnews.co.kr/article/view/bnt202608060151,,1,"캣츠아이, 미니 3집 ‘WILD’ 팝업스토어 오픈 (제공: 하이브-게펜레코드) 글로벌 걸그룹 캣츠아이(KATSEYE)의 세 번째 EP ‘WILD’ 발매 기념 팝업스토어(KATSEYE ‘WILD’ POP-UP in Seoul)가 오는 14일부터 19일까지 서울 용산구...",2026-08-07T10:37:20.511258+09:00,2026-08-07T10:37:20.511258+09:00,PENDING
a68bfacdc43e7234050d39bc,6c7be0c3d85c3515b635b5ee,HYBE,플레디스,seventeen,SEVENTEEN (세븐틴),POPUP,"디노, '본캐'와 피철인 함께하는 팝업 스토어 연다",,,,NONE,,,N,,,"세븐틴 디노, '본캐'와 피철인 함께하는 팝업 스토어 연다",2026-07-31T14:08:00+09:00,68,DATE_NOT_FOUND,https://www.topstarnews.net/news/articleView.html?idxno=16150940,https://www.topstarnews.net/news/articleView.html?idxno=16150940,,1,그룹 세븐틴 디노를 중심으로 한 색다른 체험형 팝업 스토어가 마련된다. 디노의 솔로 활동과 함께 선보인 캐릭터 피철인을 한 공간에서 경험할 수 있는 구성이어서 팬들의 관심을 모은다. 플레디스...,2026-08-01T08:33:21.050332+09:00,2026-08-01T08:33:21.050332+09:00,PENDING
799e10f8c411b33b2fc66465,4b1a9e96c61ee0e819afe806,HYBE,플레디스,seventeen,SEVENTEEN (세븐틴),ADDITIONAL_SHOW,"디노, 마카오 단독 공연 예매 시작 동시 매진",,,,NONE,,,N,마카오,,"세븐틴 디노, 마카오 단독 공연 예매 시작 동시 매진…추가 공연 예고",2026-09-17T14:07:00+09:00,78,DATE_NOT_FOUND,https://www.news1.kr/entertain/music/6293870,https://m.entertain.naver.com/article/421/0009176724,,1,"그룹 세븐틴 디노가 마카오 단독 공연이 전석 매진을 기록하자 추가 공연을 예고했다. 17일 하이브... 한편 디노는 지난 2015년 그룹 세븐틴으로 데뷔한 뒤 '만세', '예쁘다', '아주 나이스', '청춘찬가' 등의 곡을...",2026-09-18T09:43:23.798593+09:00,2026-09-18T09:43:23.798593+09:00,PENDING
345395872d1f96d2a8669cc5,d835d55200965a00ae5c14c8,HYBE,플레디스,seventeen,SEVENTEEN (세븐틴),COMEBACK,"디노, 이번엔 '피철인'이다",,,,NONE,,,N,,,"세븐틴 디노, 이번엔 '피철인'이다…부캐로 첫 앨범 발매→차트 상위권...",2026-08-05T10:14:00+09:00,66,DATE_NOT_FOUND,https://mhnse.com/news/articleView.html?idxno=1478693,https://m.entertain.naver.com/article/445/0000445645,,1,그룹 세븐틴의 멤버 디노가 부캐 피철인으로 활동하며 미니 1집 '吉BOARD'를 발매하고 관련 비하인드 콘텐츠를 공개했다. 디노는 지난 4일 세븐틴 공식 유튜브 채널을 통해 '吉BOARD'의 제작 과정을 담은 '吉RECORDS...,2026-08-06T08:31:12.665511+09:00,2026-08-06T08:31:12.665511+09:00,PENDING
4b448023b5ea6405efdca62d,ddff99079c71651ba5f28aaf,HYBE,플레디스,seventeen,SEVENTEEN (세븐틴),COMEBACK,"정한X조슈아, 돌입",,,,NONE,,,N,,,"세븐틴 정한X조슈아, 컴백 카운트다운 돌입…첫 미니앨범 스케줄러 공개",2026-09-24T09:05:00+09:00,71,DATE_NOT_FOUND,http://www.osen.co.kr/article/G1112881066,https://m.entertain.naver.com/article/109/0005611896,,1,세븐틴의 새 유닛 정한X조슈아가 첫 미니앨범 발매를 앞두고 본격적인 컴백 카운트다운에 돌입했다. 정한X조슈아는 24일 0시 세븐틴 공식 SNS를 통해 미니 1집 ‘DREAMSCAPE’의 프로모션 스케줄러를 공개했다....,2026-09-24T09:47:59.847990+09:00,2026-09-24T09:47:59.847990+09:00,PENDING
d61b7d49b3ffd0fecd05ff56,f204aadd211c087b406466d0,HYBE,플레디스,seventeen,SEVENTEEN (세븐틴),COMEBACK,정한X조슈아가 펼칠 꿈의 정경,,,,NONE,,,N,,,세븐틴 정한X조슈아가 펼칠 꿈의 정경…컴백 카운트다운 돌입,2026-09-24T09:29:00+09:00,71,DATE_NOT_FOUND,https://www.mk.co.kr/article/12160822,https://m.entertain.naver.com/article/009/0005739755,,1,그룹 세븐틴의 새 유닛 정한X조슈아가 첫 미니앨범 ‘DREAMSCAPE’ 발매를 앞두고 본격적인 컴백 카운트다운에 돌입했다. 정한X조슈아는 23일 밤 12시 세븐틴 공식 SNS를 통해 미니 1집 ‘DREAMSCAPE’의 프로모션...,2026-09-24T09:47:59.847990+09:00,2026-09-24T09:47:59.847990+09:00,PENDING
257f64010395de6c8511957d,abe710a15c35093f5e1fc83c,HYBE,플레디스,seventeen,SEVENTEEN (세븐틴),COMEBACK,"정한·조슈아, 새 유닛 결성",,,,NONE,,,N,,,"세븐틴 정한·조슈아, 새 유닛 결성…내달 데뷔 앨범 발매",2026-09-23T08:28:00+09:00,71,DATE_NOT_FOUND,https://www.edaily.co.kr/News/Read?newsId=02607606645583072&mediaCodeNo=257&utm_source=naver&utm_medium=referral&utm_campaign=news_syndication&utm_content=original_article,https://m.entertain.naver.com/article/018/0006374743,,1,"보이그룹 세븐틴의 정한과 조슈아가 유닛 앨범을 내놓는다. 정한(왼쪽), 조슈아(사진=플레디스... 2015년 데뷔한 세븐틴 팀 내에는 부석순, 정한X원우, 호시X우지, 에스쿱스X민규, 도겸X승관, V8 등 다양한 유닛이 존재한다....",2026-09-23T09:52:22.605017+09:00,2026-09-23T09:52:22.605017+09:00,PENDING
dad3d51b336a93a45387c573,373d5a6fc295ec41c3b57cb8,HYBE,플레디스,tws,TWS (투어스),TOUR_ANNOUNCEMENT,24/7:FOR:YOU,,,,NONE,,,N,마카오,더 런더너 아레나,"TWS, 마카오서 아시아 투어 '24/7:FOR:YOU' 스타트…이틀간 팬들과 재회",2026-09-19T08:16:00+09:00,72,DATE_NOT_FOUND,https://www.topstarnews.net/news/articleView.html?idxno=16199313,https://www.topstarnews.net/news/articleView.html?idxno=16199313,,1,그룹 TWS(투어스)가 마카오에서 아시아 투어 열기를 이어간다. TWS는 19일부터 20일까지 마카오 더 런더너 아레나에서 '2026 TWS TOUR '24/7:FOR:YOU' IN MACAU' 공연을 펼치며 현지 팬들과 만난다. 이번 공연은 선예매와...,2026-09-19T09:32:05.065069+09:00,2026-09-19T09:32:05.065069+09:00,PENDING
08ca830925bfd66addd31252,8e01791cdb7ebe9481c528dc,HYBE,플레디스,tws,TWS (투어스),TOUR_ANNOUNCEMENT,"투어스( ), 마카오 아시아 투어 성황리",,,,NONE,,,N,마카오,양일간 마카오 더 런더너 아레나,"투어스(TWS), 마카오 아시아 투어 성황리 개최... 티켓 전석 매진",2026-09-19T08:12:00+09:00,72,DATE_NOT_FOUND,https://www.cbci.co.kr/news/articleView.html?idxno=608259,https://www.cbci.co.kr/news/articleView.html?idxno=608259,,1,"그룹 투어스(TWS)가 마카오에서 아시아 투어의 열기를 이어간다. 투어스(신유, 도훈, 영재, 한진, 지훈, 경민)는 19일부터 20일까지 양일간 마카오 더 런더너 아레나에서 2026 TWS TOUR '24/7:FOR:YOU' IN MACAU를 개최한다....",2026-09-19T09:32:05.065069+09:00,2026-09-19T09:32:05.065069+09:00,PENDING
53ea5405143bff78c0a9760a,b2ae6865fc58bc0c9eb930ca,HYBE,빅히트 뮤직,txt,TXT (투모로우바이투게더),ADDITIONAL_SHOW,"TXT( ), 마카오 공연 매진시키고 추가 회차 확정",,,,NONE,,,N,마카오,,"TXT(투모로우바이투게더), 마카오 공연 매진시키고 추가 회차 확정",2026-09-23T12:24:00+09:00,78,DATE_NOT_FOUND,https://sports.khan.co.kr/article/202609231223003?pt=nv,https://m.entertain.naver.com/article/144/0001140068,,1,올해 라인업 중 유일한 한국 가수로 참여해 관객들과 만난다. 연준은 솔로 퍼포먼스도 선보인다. 한국 남자 솔로 가수가 이곳에서 공연을 펼치는 것은 2023년 방탄소년단 정국 이후 두 번째다.,2026-09-24T09:47:59.847990+09:00,2026-09-24T09:47:59.847990+09:00,PENDING
2b2d3fc26724194a1e038476,68e0eeb5fe61ea08b0ef9e16,HYBE,빅히트 뮤직,txt,TXT (투모로우바이투게더),TOUR_ANNOUNCEMENT,월드투어 추가쇼 확정했다,,,,NONE,,,N,마카오,,"투모로우바이투게더, 월드투어 추가쇼 확정했다…마카오 공연도 전석 매...",2026-09-23T11:34:00+09:00,74,DATE_NOT_FOUND,http://www.osen.co.kr/article/G1112880532,https://m.entertain.naver.com/article/109/0005611379,,1,"그룹 투모로우바이투게더가 새 월드 투어 마카오 공연을 전석 매진시키며 뜨거운 글로벌 인기를 다시 한번 입증했다. 투모로우바이투게더(수빈, 연준, 범규, 태현, 휴닝카이)의 새 월드 투어 ‘TOMORROW X TOGETHER...",2026-09-24T09:47:59.847990+09:00,2026-09-24T09:47:59.847990+09:00,PENDING
9c1082329581ada905c7233b,b8dbefcb71c1ba1230b718c8,HYBE,플레디스,hwang_minhyun,황민현,COMEBACK,"[단독] , 가수로 먼저",,,,NONE,,,N,,,"[단독] 황민현, 가수로 먼저 컴백… 10월 신곡 '아워' 발표",2026-09-15T15:17:00+09:00,66,DATE_NOT_FOUND,https://www.hankookilbo.com/news/article/A2026091515010002339?did=NA,https://m.entertain.naver.com/article/469/0000954147,,1,"배우 겸 가수 황민현이 연기보다 음악으로 먼저 대중을 만난다. 군 복무를 마치고 본격적인 활동 재개에 나선 가운데, 솔로 가수로서 새로운 음악을 선보이며 팬들과 만날 예정이다. 15일 본지 취재에 따르면 황민현은 오는...",2026-09-16T09:43:34.159903+09:00,2026-09-16T09:43:34.159903+09:00,PENDING
1ba1ae91eed74f6bc97267b6,bf1d187046a0a7ca2ea333c2,JYP,Studio J,day6,DAY6,FANMEETING,"' ', '인천 인스파이어 아레나'서 10월 팬미팅",,,,NONE,,,N,인천,'인천 인스파이어 아레나,"'데이식스', '인천 인스파이어 아레나'서 10월 팬미팅 개최… '비욘드 라...",2026-09-08T17:18:00+09:00,70,DATE_NOT_FOUND,https://www.stardailynews.co.kr/news/articleView.html?idxno=549397,https://www.stardailynews.co.kr/news/articleView.html?idxno=549397,,1,"데이식스(DAY6)가 오는 10월 다섯 번째 공식 팬미팅을 열고 팬들과 만난다. JYP엔터테인먼트 측은 7일 오후 공식 SNS 채널에 DAY6 다섯 번째 공식 팬미팅 'EVERY DAY6, EVERY My Day' 포스터를 게재하며 개최 소식을...",2026-09-09T08:04:22.590790+09:00,2026-09-09T09:28:59.717270+09:00,PENDING
10af828c81b11071ba9b3bf5,8b924ce501cd31c9707c9f31,JYP,Studio J,day6,DAY6,FANMEETING,10월 팬미팅 확정,,,,NONE,,,N,,,"데이식스, 10월 팬미팅 개최 확정… 포스터부터 동화 같은 분위기",2026-09-08T21:57:00+09:00,70,DATE_NOT_FOUND,https://mhnse.com/news/articleView.html?idxno=1531583,https://m.entertain.naver.com/article/445/0000461525,,1,"DAY6(데이식스)가 오는 10월 사흘간 팬들과 만난다. JYP엔터테인먼트는 지난 7일 오후 공식 SNS 채널을 통해 DAY6의 다섯 번째 공식 팬미팅 ‘DAY6 5TH FANMEETING 'EVERY DAY6, EVERY My Day'’ 개최 소식을 알렸다. DAY6는...",2026-09-09T08:04:22.590790+09:00,2026-09-09T09:28:59.717270+09:00,PENDING
b97c649bc9f0f339f6af92bf,31eadb548e0c0d601806d985,JYP,Studio J,day6,DAY6,FANMEETING,내달 다섯 번째 공식 팬미팅,,,,NONE,,,N,,,"데이식스, 내달 다섯 번째 공식 팬미팅 개최",2026-09-08T09:50:00+09:00,70,DATE_NOT_FOUND,https://www.bntnews.co.kr/article/view/bnt202609080117,https://www.bntnews.co.kr/article/view/bnt202609080117,,1,"데이식스, 내달 다섯 번째 공식 팬미팅 개최 (제공: JYP엔터테인먼트) 데이식스(DAY6)가 오는 10월 다섯 번째 공식 팬미팅을 개최하며 팬들과 만난다. 지난 7일, 소속사 측은 오후 공식 SNS 채널에 DAY6 다섯 번째...",2026-09-09T08:04:22.590790+09:00,2026-09-09T09:28:59.717270+09:00,PENDING
5b0243dde874074506cd0c04,684c3ac43db3fe6b1799e31b,JYP,Studio J,day6,DAY6,FANMEETING,인스파이어 아레나 뜬다⋯5번째 공식 팬미팅,,,,NONE,,,N,,인스파이어 아레나,"데이식스, 인스파이어 아레나 뜬다⋯5번째 공식 팬미팅 개최",2026-09-08T09:12:00+09:00,70,DATE_NOT_FOUND,https://www.etoday.co.kr/news/view/2622926,https://www.etoday.co.kr/news/view/2622926,,1,"이투데이=장유진 기자 | 밴드 데이식스(DAY6)가 다섯 번째 공식 팬미팅을 개최한다. JYP엔터테인먼트는 7일 오후 공식 SNS 채널에 데이식스 다섯 번째 공식 팬미팅 '[ 에브리 데이식스, 에브리 마이데이 ](DAY6 5TH...",2026-09-09T08:04:22.590790+09:00,2026-09-09T08:04:22.590790+09:00,PENDING
dd1f3e1f1f9ce08c553511e5,ac523359e5955ad185fd0556,JYP,Studio J,day6,DAY6,FANMEETING,인천 인스파이어 아레나서 다섯 번째 팬미팅 연다,,,,NONE,,,N,인천,가 10월 인천 인스파이어 아레나|인스파이어 아레나,"DAY6, 인천 인스파이어 아레나서 다섯 번째 팬미팅 연다",2026-09-08T09:14:00+09:00,70,DATE_NOT_FOUND,https://www.topstarnews.net/news/articleView.html?idxno=16186291,https://www.topstarnews.net/news/articleView.html?idxno=16186291,,1,DAY6(데이식스)가 10월 인천 인스파이어 아레나에서 다섯 번째 공식 팬미팅으로 팬들과 다시 만난다. 이번 팬미팅은 사흘간 총 3회로 편성돼 현장 관람과 온라인 생중계를 병행한다. 소속사...,2026-09-09T08:04:22.590790+09:00,2026-09-09T08:04:22.590790+09:00,PENDING
f2700d6744314734f5c84d3f,5c886836a1408ba438594dea,JYP,GOT7,got7,GOT7,TOUR_ANNOUNCEMENT,CODE#,,,,NONE,,,N,서울,,"갓세븐 진영, 첫 솔로 콘서트 투어 'CODE#' 개최…불법 거래 강경 대응",2026-09-14T17:24:00+09:00,72,DATE_NOT_FOUND,https://www.topstarnews.net/news/articleView.html?idxno=16192799,https://www.topstarnews.net/news/articleView.html?idxno=16192799,,1,그룹 갓세븐 멤버 겸 배우로 활동 중인 진영이 첫 솔로 콘서트 투어를 개최한다. 14일 소속사 BH엔터테인먼트는 공식 계정을 통해 진영의 첫 콘서트 투어 'CODE#' 서울 공연 일정 및 투어 일정을 안내했다. 안내에...,2026-09-15T09:50:51.899912+09:00,2026-09-15T09:50:51.899912+09:00,PENDING
a8741469b725bd7cdb461686,69f8b0136c40a9bed12f2e3e,JYP,5세대 그룹,kickflip,KickFlip (킥플립),POPUP,공식 캐릭터 '킥둥쓰' 공개,,,,NONE,,,N,,,"킥플립, 공식 캐릭터 '킥둥쓰' 공개…팝업 스토어 연다",2026-09-15T09:04:00+09:00,68,DATE_NOT_FOUND,https://www.slist.kr/news/articleView.html?idxno=766213,https://www.slist.kr/news/articleView.html?idxno=766213,,1,JYP엔터테인먼트 소속 그룹 킥플립이 멤버들의 취향과 개성을 담은 공식 캐릭터 '킥둥쓰'를 선보이고 팝업 스토어로 팬들과 만난다. 킥플립은 14일 오후 공식 SNS 채널에 킥둥쓰 티저 포스터와 영상 '킥둥쓰 JYP...,2026-09-15T09:50:51.899912+09:00,2026-09-15T09:50:51.899912+09:00,PENDING
e16d4d7c0e316a222881e06c,0cdf6fba2159c20c27436505,JYP,JYP Japan,nexz,NEXZ (넥스지),TOUR_ANNOUNCEMENT,"'JYP 보이그룹' , 데뷔 첫 亞 투어 ⋯10월 포문",,,,NONE,,,N,,,"'JYP 보이그룹' 넥스지, 데뷔 첫 亞 투어 개최⋯10월 포문",2026-09-09T17:02:00+09:00,72,DATE_NOT_FOUND,http://www.joynews24.com/view/2003874,http://www.joynews24.com/view/2003874,,1,JYP엔터테인먼트 보이그룹 NEXZ(넥스지)가 새 앨범 'SAUCIN''(쏘씬) 활동으로 존재감을 빛냈다. ​NEXZ는... 넥스지 단체 콘셉트 포토 [사진=JYP엔터테인먼트] ​NEXZ는 역동적인 음악색을 보여주며 앨범 콘셉트를...,2026-09-10T09:28:59.132667+09:00,2026-09-10T09:28:59.132667+09:00,PENDING
36c5f5b816f8e019f5a8218d,7463fa71b0f8de587d7ef767,JYP,JYP Japan,nexz,NEXZ (넥스지),TOUR_ANNOUNCEMENT,서울 첫 아시아 투어 전 회차 매진에 추가 좌석 연다,,,,NONE,,,N,서울,,"NEXZ, 서울 첫 아시아 투어 전 회차 매진에 추가 좌석 연다",2026-09-18T08:22:00+09:00,72,DATE_NOT_FOUND,https://www.topstarnews.net/news/articleView.html?idxno=16197650,https://www.topstarnews.net/news/articleView.html?idxno=16197650,,1,"NEXZ(넥스지)가 서울에서 펼치는 첫 아시아 투어 공연을 전 회차 매진시키며 티켓 흥행을 확인했다. 여기에 더해 추가 좌석까지 마련되면서 국내 팬들의 현장 관람 기회가 넓어졌다. NEXZ(토모야, 유우, 하루, 소...",2026-09-18T09:43:23.798593+09:00,2026-09-18T09:43:23.798593+09:00,PENDING
a0d969bd4ac3b981971e8696,e7ea9b45eff5e04511274b46,JYP,4세대 그룹,nmixx,NMIXX,COMEBACK,"'가요 시상식 첫 대상' , 본격 활약 예고",,,,NONE,,,N,,,"'가요 시상식 첫 대상' 엔믹스, 본격 활약 예고…컴백 카운트다운 돌입",2026-09-23T15:55:00+09:00,66,DATE_NOT_FOUND,https://www.xportsnews.com/article/2199437,https://m.entertain.naver.com/article/311/0002060738,,1,그룹 NMIXX(엔믹스)가 다채로운 티징 콘텐츠로 컴백을 예고했다. 엔믹스는 22일 여섯 번째 미니 앨범 'Strange Muse'(스트레인지 뮤즈) 발매를 앞두고 스케줄러 이미지를 게재했다. 이에 따르면 NMIXX는...,2026-09-24T09:47:59.847990+09:00,2026-09-24T09:47:59.847990+09:00,PENDING
46e7b8e1d2484e2b98c669d9,9f8381ef18d78b481e933cfc,JYP,4세대 그룹,stray_kids,Stray Kids,COMEBACK,THIS & THAT,,,,NONE,,,N,,,"스트레이 키즈, 올해 첫 미니 앨범 ‘THIS & THAT’ 발매",2026-08-07T20:58:00+09:00,66,DATE_NOT_FOUND,https://www.marieclairekorea.com/celebrity/2026/08/straykids-24/?utm_source=naver&utm_medium=partnership,https://www.marieclairekorea.com/celebrity/2026/08/straykids-24/?utm_source=naver&utm_medium=partnership,,1,"스트레이 키즈가 올해 첫 미니 앨범 ‘THIS & THAT’으로 돌아왔습니다. © JYP Entertainment © JYP Entertainment © JYP Entertainment 스트레이 키즈의 색다른 얼굴, THIS & THAT 스트레이 키즈(Stray Kids)를 한 가지 장르로만...",2026-08-08T08:08:07.079154+09:00,2026-08-08T08:08:07.079154+09:00,PENDING
9e6bd14bcf2a76edb8768ebd,a4d6fcf45c6dfd06520468fb,JYP,4세대 그룹,stray_kids,Stray Kids,COMEBACK,디스 앤드 댓,,,,NONE,,,N,,,"'글로벌 아이돌' 스트레이 키즈, 오늘 새 앨범 '디스 앤드 댓' 발매",2026-08-07T08:55:00+09:00,71,DATE_NOT_FOUND,https://www.edaily.co.kr/news/newspath.asp?newsid=05159446645545024,https://m.entertain.naver.com/article/018/0006346621,,1,‘글로벌 아이돌’ 보이그룹 스트레이 키즈(Stray Kids)가 7일 새 미니앨범 ‘디스 앤드 댓’(THIS & THAT)으로 컴백한다. ‘디스 앤드 댓’은 스트레이 키즈가 미국 빌보드 메인 앨범차트 빌보드200 1위에 오른 전작...,2026-08-07T10:37:20.511258+09:00,2026-08-07T10:37:20.511258+09:00,PENDING
0505bcab2235b2c1646c1da3,81d87e37b17e26a387229265,JYP,4세대 그룹,stray_kids,Stray Kids,TOUR_ANNOUNCEMENT,서울 5회 공연 전석 매진,,,,CONFLICT,,,Y,서울,KSPO DOME|가 서울 KSPO DOME,"스트레이 키즈, 서울 5회 공연 전석 매진…새 월드투어 시작",2026-08-03T10:27:00+09:00,77,DATE_CONFLICT,https://www.mk.co.kr/article/12114950,https://m.entertain.naver.com/article/009/0005715754,,1,"그룹 스트레이 키즈(Stray Kids)가 서울 KSPO DOME 5회 공연을 성료하며 새 월드투어의 시작을 알렸다. 스트레이 키즈는 7월 25일~26일, 29일, 8월 1일~2일 서울 KSPO DOME에서 월드투어 ‘Stray Kids World Tour ’(런 잇)의 막을...",2026-08-04T08:39:48.560746+09:00,2026-08-04T08:39:48.560746+09:00,PENDING
22ccd0a8dbdc770535ef3077,de5bbdc6ca436378d31cdbec,JYP,Studio J,xdinary_heroes,Xdinary Heroes,FANMEETING,'보안관' 된다⋯내달 세 번째 팬미팅,,,,NONE,,,N,,,"엑스디너리 히어로즈, '보안관' 된다⋯내달 세 번째 팬미팅 개최",2026-08-04T08:30:00+09:00,70,DATE_NOT_FOUND,https://www.etoday.co.kr/news/view/2610632,https://www.etoday.co.kr/news/view/2610632,,1,"이투데이=장유진 기자 | 밴드 엑스디너리 히어로즈(Xdinary Heroes, XH)가 다음 달 세 번째 공식 팬미팅을 개최한다. 엑스디너리 히어로즈는 3일 오후 공식 SNS 채널에 포스터를 게재하고 세 번째 공식 팬미팅...",2026-08-04T08:39:48.560746+09:00,2026-08-04T08:39:48.560746+09:00,PENDING
a9f9a3725733add403cbaaad,21418add1af59ec5eedd6038,JYP,Studio J,xdinary_heroes,Xdinary Heroes,COMEBACK,IMPULSE,,,,NONE,,,N,,,"엑스디너리 히어로즈, 새 미니 앨범 'IMPULSE'로 돌아온다",2026-09-22T13:08:00+09:00,66,DATE_NOT_FOUND,https://www.topstarnews.net/news/articleView.html?idxno=16206782,https://www.topstarnews.net/news/articleView.html?idxno=16206782,,1,"엑스디너리 히어로즈(Xdinary Heroes, XH)가 새 미니 앨범 'IMPULSE'로 가을 가요계에 합류한다. 보이밴드로 활동 중인 이들은 자체 작업 곡을 앞세운 신보로 한층 확장된 활동 국면을 연다. 엑스디너리...",2026-09-22T10:03:38.069807+09:00,2026-09-23T09:52:22.605017+09:00,PENDING
04c3ecfe87d2b75102d03bf5,56787e9465c5a719fb42cdf5,JYP,Studio J,xdinary_heroes,Xdinary Heroes,FANMEETING,더 엑스-타운,,,,NONE,,,N,,,"엑스디너리 히어로즈, 보안관 변신…9월 팬미팅 '더 엑스-타운' 개최",2026-08-04T09:26:00+09:00,70,DATE_NOT_FOUND,https://www.tenasia.co.kr/article/2026080431264,https://m.entertain.naver.com/article/312/0000770463,,1,"밴드 엑스디너리 히어로즈(Xdinary Heroes, XH)가 오는 9월 세 번째 팬미팅을 열고 팬들과 만난다. 엑스디너리 히어로즈는 지난 3일 공식 SNS를 통해 'Xdinary Heroes 3RD FANMEETING 'THE X-TOWN''(더 엑스-타운) 포스터를...",2026-08-05T08:35:00.642823+09:00,2026-08-05T08:35:00.642823+09:00,PENDING
e63900a197f51dee543ee2eb,328477bc004c7e63ef4446cc,JYP,Studio J,xdinary_heroes,Xdinary Heroes,FANMEETING,보안관 변신,,,,NONE,,,N,,,"엑스디너리 히어로즈, 보안관 변신…9월 팬미팅 개최",2026-08-04T11:22:00+09:00,70,DATE_NOT_FOUND,https://enter.etoday.co.kr/news/view/300589,https://enter.etoday.co.kr/news/view/300589,,1,… 너리 히어로즈(Xdinary Heroes)가 오는 9월 공식 팬덤 빌런즈와의 만남을 예고했다. 엑스디너리 히어로즈는 3일 공식 SNS 채널을 통해 세 번째 공식 팬미팅 'THE X-TOWN'(더 엑스-타운) 포스터를 게재했다. 이번...,2026-08-05T08:35:00.642823+09:00,2026-08-05T08:35:00.642823+09:00,PENDING
bce661765a899c7c4ccb9b08,79defcc14549901d3c119238,SM,SM Entertainment,hyo,HYO (효연),COMEBACK,유리·수영 '효리수' 공식 데뷔 확정,,,,NONE,,,N,,,효연·유리·수영 '효리수' 공식 데뷔 확정…올해 첫 싱글 발매,2026-08-06T20:30:00+09:00,66,DATE_NOT_FOUND,https://www.insight.co.kr/news/566838,https://www.insight.co.kr/news/566838,,1,"SM엔터테인먼트는 지난 5일 소녀시대-효리수(Girls' Generation-HRS)가 올해 3분기 첫 싱글을 발매한다고 공식 발표했다. 효리수는 효연, 유리, 수영이 올해 초 '효연의 레벨업'을 통해 결성한 프로젝트 유닛이다. 그룹명은...",2026-08-07T10:37:20.511258+09:00,2026-08-07T10:37:20.511258+09:00,PENDING
fb26dcd694dc61a70d7f2f52,4caf8250e4a3fce0a29ac164,SM,SM Entertainment,irene_seulgi,IRENE & SEULGI,TOUR_ANNOUNCEMENT,日 전격 데뷔,,,,CONFLICT,,,Y,,,"아이린&슬기, 日 전격 데뷔…첫 미니앨범 발매→7개 도시 투어 개최 '하...",2026-09-10T18:04:00+09:00,72,DATE_CONFLICT,https://www.spotvnews.co.kr/news/articleView.html?idxno=1006807,https://m.entertain.naver.com/article/477/0000627498,,1,레드벨벳-아이린&슬기가 일본 음악시장에 데뷔한다. 아이린&슬기는 11월 4일 일본에서 첫 미니앨범 '치타'(Cheetah)를 발표한다. 이보다 앞서 전곡 음원을 9월 14일 선공개한다. 아이린&슬기 첫 일본 앨범 '치타'는 밝고...,2026-09-11T09:26:43.074563+09:00,2026-09-11T09:26:43.074563+09:00,PENDING
8743eb3411fd1c76b17450d2,f8d78ab5db8d3399d5fb3bbe,SM,SM Entertainment,tvxq_changmin,MAX CHANGMIN (최강창민),CONCERT,10월 →11월 서울서 첫 솔로 공연,,,,NONE,,,N,서울,,"최강창민, 10월 컴백→11월 서울서 첫 솔로 공연 개최",2026-09-14T14:55:00+09:00,76,DATE_NOT_FOUND,https://www.mk.co.kr/article/12152047,https://m.entertain.naver.com/article/009/0005734869,,1,"그룹 동방신기 최강창민이 ‘솔로 아티스트’로 돌아온다. 14일 소속사 SM엔터테인먼트에 따르면... 한편 최강창민은 2003년 동방신기 멤버로 데뷔해 ‘Hug’, ‘The Way U Are’, ‘Rising Sun’, ‘주문 - MIROTIC’...",2026-09-15T09:50:51.899912+09:00,2026-09-15T09:50:51.899912+09:00,PENDING
64a3a6ba24e0118d5a98b8da,00c324f35c20fb78f73aa06d,SM,SM Entertainment,tvxq_changmin,MAX CHANGMIN (최강창민),COMEBACK,10월 확정,,,,NONE,,,N,,,"동방신기 최강창민, 10월 컴백 확정…4년 9개월 만에 신보 발매",2026-09-14T15:48:00+09:00,69,DATE_NOT_FOUND,https://swtvnews.com/news/newsview.php?ncode=1065589799460387,https://swtvnews.com/news/newsview.php?ncode=1065589799460387,,1,▲ 최강창민 동방신기 최강창민이 솔로 아티스트의 역량을 뽐낸다. 소속사 에스엠(SM)엔터테인먼트는 14일 “최강창민이 10월 중순 컴백을 목표로 막바지 준비에 한창이다”고 밝혔다. 2022년 1월 발표한 두 번째...,2026-09-15T09:50:51.899912+09:00,2026-09-15T09:50:51.899912+09:00,PENDING
dd9d02cf8aa1e021862f71bb,e340521cb44ec1d7b7d192f0,SM,SM Entertainment,tvxq_changmin,MAX CHANGMIN (최강창민),COMEBACK,4년 9개월만 솔로,,,,NONE,,,N,서울,,"동방신기 최강창민, 4년 9개월만 솔로 컴백…10월 신보 발표",2026-09-14T14:16:00+09:00,66,DATE_NOT_FOUND,http://www.joynews24.com/view/2005322,http://www.joynews24.com/view/2005322,,1,"동방신기 최강창민이 '솔로 아티스트'로 돌아온다. 최강창민은 10월 중순 컴백을 목표로 준비 중이며, 2022년 1월 발표한 두 번째 미니앨범 'Devil' 이후 4년 9개월 만에 신보를 선보인다. 동방신기 최강창민 서울...",2026-09-15T09:50:51.899912+09:00,2026-09-15T09:50:51.899912+09:00,PENDING
a7f298e07f089067d6cccefd,58023630c8a489d91bbd73d9,SM,SM Entertainment,tvxq_changmin,MAX CHANGMIN (최강창민),COMEBACK,4년여 만에 솔로 →라이브 투어 돌입,,,,NONE,,,N,서울,,"최강창민, 4년여 만에 솔로 컴백→라이브 투어 돌입",2026-09-14T15:46:00+09:00,66,DATE_NOT_FOUND,https://enter.etoday.co.kr/news/view/302423,https://enter.etoday.co.kr/news/view/302423,,1,동방신기 최강창민이 4년 9개월 만에 솔로 가수로 복귀한다. 최강창민은 오는 10월 중순 새 솔로 앨범을... 서울 외 추가 투어 도시와 세부 일정은 추후 동방신기 공식 계정을 통해 안내될 예정이다.,2026-09-15T09:50:51.899912+09:00,2026-09-15T09:50:51.899912+09:00,PENDING
40146b5ab275727f5129bd63,e48229611ced0b27e1a508bc,SM,SM Entertainment,tvxq_changmin,MAX CHANGMIN (최강창민),CONCERT,내달 중순 솔로 →11월 국내 단독 공연,,,,NONE,,,N,서울,,"최강창민, 내달 중순 솔로 컴백→11월 국내 단독 공연 개최",2026-09-14T14:08:00+09:00,74,DATE_NOT_FOUND,https://www.slist.kr/news/articleView.html?idxno=766040,https://www.slist.kr/news/articleView.html?idxno=766040,,1,동방신기 최강창민이 약 4년 9개월 만에 솔로 신보를 선보인다. 최강창민은 오는 10월 중순 컴백을... 서울 공연 이후 이어질 투어 지역과 세부 일정은 동방신기 공식 채널을 통해 추후 공개될 예정이다....,2026-09-15T09:50:51.899912+09:00,2026-09-15T09:50:51.899912+09:00,PENDING
b8f6f3cc56f51f7ef4da8aa2,9d69ff0ef4c0bc86cd3b17e0,SM,SM Entertainment,tvxq_changmin,MAX CHANGMIN (최강창민),COMEBACK,다음달,,,,NONE,,,N,,,"동방신기 최강창민, 다음달 컴백…라이브 투어 '레조넌스' 개최",2026-09-14T18:13:00+09:00,66,DATE_NOT_FOUND,https://www.mt.co.kr/stock/2026/09/14/2026091418003546068,https://n.news.naver.com/mnews/article/008/0005413580?sid=101,,1,"SM엔터테인먼트(이하 SM, 에스엠)는 소속 아티스트인 동방신기 최강창민이 '솔로 아티스트'로... 추후 동방신기 공식 채널을 통해 투어 지역 및 일정도 순차적으로 공개될 계획이다. 한편 SM은 1995년 설립된...",2026-09-15T09:50:51.899912+09:00,2026-09-15T09:50:51.899912+09:00,PENDING
6a0cabba1b54e314bce7aa33,67926b4768e51ca4881e4339,SM,SM Entertainment,shinee_minho,MINHO (민호),COMEBACK,본격 활동 돌입,,,,NONE,,,N,,,"샤이니 민호, 본격 컴백 활동 돌입",2026-09-08T11:22:00+09:00,66,DATE_NOT_FOUND,https://www.bntnews.co.kr/article/view/bnt202609080161,https://www.bntnews.co.kr/article/view/bnt202609080161,,1,"샤이니 민호, 본격 컴백 활동 돌입 (제공: 에스엠엔터테인먼트) 지난 7일 두 번째 미니앨범 ‘Make it hot’(메이크 잇 핫)을 발표한 샤이니 민호가 뜨거운 컴백 활동에 나선다. 오는 10일, 민호는 Mnet...",2026-09-09T08:04:22.590790+09:00,2026-09-09T09:28:59.717270+09:00,PENDING
ebee4a0c4837d67521df1bd2,fbae6f7979223454fccd8e96,SM,4세대 그룹,riize,RIIZE,FANMEETING,내년 정규 2집 확정,,,,NONE,,,N,,,"라이즈, 내년 정규 2집 컴백 확정…데뷔 3주년 팬미팅서 전격 발표",2026-09-14T09:53:00+09:00,70,DATE_NOT_FOUND,https://www.xportsnews.com/article/2195359,https://m.entertain.naver.com/article/311/0002056723,,1,"RIIZE : ON AIR’(채널 라이즈 : 온 에어)가 열렸다. 팬미팅 현장에서 공연 종료 직후 재생된 특별 영상을 통해 추후 활동 계획을 깜짝 발표한 것. 특히 라이즈는 2027년 봄, 두 번째 정규 앨범을 발매하며, 이에 앞서...",2026-09-15T09:50:51.899912+09:00,2026-09-15T09:50:51.899912+09:00,PENDING
0336c26be7920c80e8845037,2ed6b2f1a90060f0a3dbd219,SM,4세대 그룹,riize,RIIZE,FANMEETING,데뷔 3주년 팬미팅 성료,,,,NONE,,,N,,,"라이즈, 데뷔 3주년 팬미팅 성료…내년 정규 2집 발매 예고",2026-09-14T10:52:00+09:00,70,DATE_NOT_FOUND,https://enter.etoday.co.kr/news/view/302407,https://enter.etoday.co.kr/news/view/302407,,1,RIIZE : ON AIR(채널 라이즈 : 온 에어)'를 열고 2만 3000여 관객을 만났다. 이번 공연은 360도 전석 개방 형태로 진행됐으며 양일 공연 모두 전석 매진을 기록했다. 이날 공연 말미에 상영된 특별 영상을 통해 라이즈의...,2026-09-15T09:50:51.899912+09:00,2026-09-15T09:50:51.899912+09:00,PENDING
93a3852b16a4ea0f4eb3b52e,f65501e32750a8e1b0b2b79d,SM,SM Entertainment,super_junior_ryeowook,RYEOWOOK (려욱),COMEBACK,솔로 10주년 존재감,,,,NONE,,,N,,,"슈퍼주니어 려욱, 솔로 10주년 존재감…일본 새 싱글 발매",2026-08-04T10:40:00+09:00,66,DATE_NOT_FOUND,https://enter.etoday.co.kr/news/view/300584,https://enter.etoday.co.kr/news/view/300584,,1,"그룹 슈퍼주니어 려욱이 일본 새 싱글 발매와 함께 현지 스페셜 라이브, 아시아 투어 추가 개최 등 활발한 솔로 행보를 펼친다. 려욱은 5일 일본 세 번째 싱글 '僕のほし'(보쿠노 호시/나의 별)를 발표한다....",2026-08-05T08:35:00.642823+09:00,2026-08-05T08:35:00.642823+09:00,PENDING
40c27aaa30c49080c9d4e4ef,7528aa8647a3ff7c7b7cabbe,SM,SM Entertainment,super_junior_ryeowook,RYEOWOOK (려욱),CONCERT,솔로 데뷔 10주년,,,,CONFLICT,,,Y,,,"려욱, 솔로 데뷔 10주년…8월 日 싱글·단독 공연 개최",2026-08-04T10:15:00+09:00,74,DATE_CONFLICT,https://www.newsen.com/news_view.php?uid=202608041012092410,https://m.entertain.naver.com/article/609/0001153274,,1,"슈퍼주니어 려욱이 일본으로 영역을 확장한다. 슈퍼주니어 려욱은 2016년 1월 28일 첫 번째 미니 앨범 '어린왕자'를 발매하며 솔로로 데뷔, 올해 10주년을 맞이했다. 솔로 데뷔 10주년을 맞은 려욱은 8월 5일...",2026-08-05T08:35:00.642823+09:00,2026-08-05T08:35:00.642823+09:00,PENDING
227fd526c8919b67b8c86d54,d078c5467873e4a8642ef822,SM,3세대 그룹,red_velvet,Red Velvet,COMEBACK,'쇼음악중심' ·스트레이키즈,,,,NONE,,,N,,,'쇼음악중심' 레드벨벳·스트레이키즈 컴백...출연진 라인업 확정,2026-08-08T14:44:00+09:00,66,DATE_NOT_FOUND,https://www.gukjenews.com/news/articleView.html?idxno=3659371,https://www.gukjenews.com/news/articleView.html?idxno=3659371,,1,피철인(세븐틴 디노) . 다영(DAYOUNG) X 박재범 . Stray Kids . JUNHEE . ARTMS . 더윈드(The Wind) . KISS OF LIFE . POW(파우) . WHIB(휘브) . BABYMONSTER . NOWZ(나우즈) . NouerA(누에라) . 키제(KiXÉ) . A2O MAY . Blue is not blue,2026-08-09T07:59:53.041371+09:00,2026-08-09T07:59:53.041371+09:00,PENDING
5323465df351aed36564b56a,3174800bae30caad81d5f9d3,SM,3세대 그룹,red_velvet,Red Velvet,COMEBACK,벨벳 서머,,,,NONE,,,N,,,"레드벨벳 2년 2개월 만의 완전체 컴백, 새 미니앨범 '벨벳 서머' 발매",2026-08-03T15:48:00+09:00,69,DATE_NOT_FOUND,https://www.mediapen.com/news/view/1113979,https://www.mediapen.com/news/view/1113979,,1,그룹 레드벨벳(Red Velvet)이 여름 미니앨범 'Velvet Summer'(벨벳 서머)를 발매하며 '서머퀸'의 화려한 귀환을 알렸다. SM엔터테인먼트에 따르면 레드벨벳은 3일 오후 6시 각종 글로벌 음악 플랫폼을 통해 새 미니앨범...,2026-08-04T08:39:48.560746+09:00,2026-08-04T08:39:48.560746+09:00,PENDING
9001235abc6a5168c6869001,d7f5e66180078aa63f34f9af,SM,SM Entertainment,exo_suho,SUHO (수호),TOUR_ANNOUNCEMENT,페라가모 행사서 여유로운 포즈,,,,NONE,,,N,,,"엑소 수호, 페라가모 행사서 여유로운 포즈…월드투어 이어 앙코르 준비",2026-09-11T22:38:00+09:00,72,DATE_NOT_FOUND,https://www.topstarnews.net/news/articleView.html?idxno=16190342,https://www.topstarnews.net/news/articleView.html?idxno=16190342,,1,"그룹 엑소(EXO) 수호(김준면, 35세)가 패션 브랜드 행사 사진으로 근황을 전했다. 야간 야외 공간에서... 한편, 엑소는 2026년 여섯 번째 단독 콘서트 투어 'EXO PLANET #6 - EXhOrizon'을 통해 전 세계 14개 지역에서 27회 공연을...",2026-09-12T09:31:57.453640+09:00,2026-09-12T09:31:57.453640+09:00,PENDING
c8ef47378839222442dfe50f,5cc78af0363ab06782516310,SM,SM Entertainment,super_junior_yesung,YESUNG (예성),COMEBACK,"""Where We Are""",,,,NONE,,,N,,,"예성, ""Where We Are""…솔로 데뷔 10주년 정규 앨범 발매",2026-09-16T09:04:00+09:00,69,DATE_NOT_FOUND,https://www.topstarnews.net/news/articleView.html?idxno=16195381,https://www.topstarnews.net/news/articleView.html?idxno=16195381,,1,"슈퍼주니어 예성이 솔로 데뷔 10주년을 기념하는 정규 앨범으로 활동 흐름을 잇는다. 데뷔 이후 쌓아온 보컬 색을 한 번에 묶는 지점에 놓인 앨범으로, 이번 작업을 통해 예성이 어떤 사운드와 곡 구성을...",2026-09-16T09:43:34.159903+09:00,2026-09-16T09:43:34.159903+09:00,PENDING
6bee56128a94371ae4f80c37,66f0f654a0cbff8bef30746b,SM,SM Entertainment,super_junior_yesung,YESUNG (예성),COMEBACK,"""셀프 디렉팅"" 10주년 정규 앨범으로 돌아온다",,,,NONE,,,N,,,"예성, ""셀프 디렉팅"" 10주년 정규 앨범으로 돌아온다",2026-09-18T09:22:00+09:00,66,DATE_NOT_FOUND,https://www.topstarnews.net/news/articleView.html?idxno=16197718,https://www.topstarnews.net/news/articleView.html?idxno=16197718,,1,슈퍼주니어 예성이 솔로 데뷔 10주년을 맞아 직접 기획 단계부터 참여한 정규 앨범을 내놓는다. 이번 작업에서 예성은 셀프 디렉팅을 내세우며 자신의 음악적 색채를 한층 선명하게 드러낼 계획이다. 정규 2집 'Where We...,2026-09-18T09:43:23.798593+09:00,2026-09-18T09:43:23.798593+09:00,PENDING
5d6fc7ce123cfbb4427aeaa8,68689d61ee3691026bf20ee4,SM,4세대 그룹,aespa,aespa,TOUR_ANNOUNCEMENT,고척돔서 새 월드투어 돌입,,,,NONE,,,N,서울,고척돔|과 8일 이틀간 서울 고척스카이돔|에스파의 첫 고척돔|첫 고척돔,"에스파, 고척돔서 새 월드투어 돌입…새로운 세계관 시작된다",2026-08-07T12:20:00+09:00,72,DATE_NOT_FOUND,https://www.spotvnews.co.kr/news/articleView.html?idxno=833396,https://m.entertain.naver.com/article/477/0000622403,,1,… 에스파는 7일과 8일 이틀간 서울 고척스카이돔에서 '2026-27 에스파 라이브 투어 – 싱크 : 컴플랙시티'를 개최한다. 에스파의 첫 고척돔 입성이자 새로운 월드투어의...,2026-08-08T08:08:07.079154+09:00,2026-08-08T08:08:07.079154+09:00,PENDING
8f4e81ade3d7c3c02aa3b5dd,c07d8776b973f7d6254270d7,SM,2세대 그룹,shinee,샤이니,POPUP,찡냥이,,,,NONE,,,N,,,"샤이니 온유, '찡냥이' 팝업스토어 개최...팬들과 특별한 추억",2026-08-07T10:44:00+09:00,68,DATE_NOT_FOUND,https://www.livebiz.today/news/articleView.html?idxno=203947,https://www.livebiz.today/news/articleView.html?idxno=203947,,1,그룹 샤이니 멤버 온유(ONEW)가 공식 캐릭터를 활용한 팝업스토어를 열고 팬들과 특별한 시간을 보낸다. 온유는 지난 6일 공식 SNS를 통해 'ONEW OFFICIAL CHARACTER 'JJING-NYANG' PAJAMA PARTY POP-UP STORE' 포스터를 공개했다....,2026-08-08T08:08:07.079154+09:00,2026-08-08T08:08:07.079154+09:00,PENDING
425f53336ce98276ba90552f,c97aded81a40b32c99660642,SM,2세대 그룹,girls_generation,소녀시대,COMEBACK,"[공식입장] SM ""3분기, -효리수 싱글 발매""",,,,NONE,,,N,,,"[공식입장] SM ""3분기, 소녀시대-효리수 싱글 발매"" 발표",2026-08-05T14:29:00+09:00,66,DATE_NOT_FOUND,https://www.mydaily.co.kr/page/view/2026080514241549939,https://m.entertain.naver.com/article/117/0004091974,,1,"동방신기, 슈퍼주니어, 엑소, 에스파, NCT WISH 등 주요 아티스트들의 글로벌 투어 확대에 힘입어 출연 매출(27.9%)과 콘서트 매출(23.6%)이 크게 증가했으며, 대규모 공연 MD 및 팝업스토어 활성화로 MD·라이선싱...",2026-08-06T08:31:12.665511+09:00,2026-08-06T08:31:12.665511+09:00,PENDING
6b79e5eb4c3468ff8c7f9c26,d4ab297dea2050feb13786a9,SM,2세대 그룹,girls_generation,소녀시대,TOUR_ANNOUNCEMENT,"유리, 20주년 월드투어 언급 ""회의 시작했다"" ('식빵언니')",,,,NONE,,,N,,,"유리, 소녀시대 20주년 월드투어 언급 ""회의 시작했다"" ('식빵언니')",2026-09-10T23:04:00+09:00,74,DATE_NOT_FOUND,http://www.osen.co.kr/article/G1112873589,https://m.entertain.naver.com/article/109/0005604550,,1,그룹 소녀시대 멤버 유리가 20주년 준비를 시작했다고 밝혔다. 10일 유튜브 채널 '식빵언니 김연경'에는 '뭐 이딴 게임이 다 있니?｜리미트립'이라는 제목의 영상이 게재됐다. 이날 김연경은 촬영 중 카페에서 휴식을...,2026-09-11T09:26:43.074563+09:00,2026-09-11T09:26:43.074563+09:00,PENDING
358204d26e2f275f08b17e6a,7dd18740927ab30ad520e51c,SM,솔로/특수,xnghan_xoul,승한앤소울,COMEBACK,일본까지 간다,,,,CONFLICT,,,Y,,,"승한앤소울, 일본까지 간다…9일 선공개곡→30일 첫 싱글 발매",2026-09-08T10:35:00+09:00,66,DATE_CONFLICT,https://www.mydaily.co.kr/page/view/2026090810350513931,https://m.entertain.naver.com/article/117/0004103044,,1,승한의 아티스트 브랜드 승한앤소울(XngHan&Xoul)은 오는 30일 일본 첫 싱글 '하이 빔'(HIGH BEAM)을 발매한다. 이에 앞서 9일 0시에는 수록곡 '후 뉴?'(Who Knew?)의 음원을 선공개한다. '후 뉴?'는 경쾌한 4비트 드럼과 기타...,2026-09-09T08:04:22.590790+09:00,2026-09-09T09:28:59.717270+09:00,PENDING
493ddc269aadcbfa5bdfe2c9,590fbea5dc245bc2a0c7721f,YG,그룹/멤버 분리,bigbang,BIGBANG (빅뱅),TOUR_ANNOUNCEMENT,스타트렌드 '올여름 가장 뜨거운 아이돌',,,,NONE,,,N,,,"빅뱅, 스타트렌드 '올여름 가장 뜨거운 아이돌'...월드투어 기대 폭발",2026-08-06T14:34:00+09:00,72,DATE_NOT_FOUND,https://www.stardailynews.co.kr/news/articleView.html?idxno=544968,https://www.stardailynews.co.kr/news/articleView.html?idxno=544968,,1,"스타트렌드가 7월 5주차 진행한 K-POP 그룹 부문 주간 팬 투표에서 빅뱅이 211만9383표를 얻어 1위에 올랐다. 데뷔 20주년을 맞아 대규모 월드투어 출발을 앞둔 시점에 팬들의 표심까지 집중되면서, 여전히 막강한 빅뱅의...",2026-08-07T10:37:20.511258+09:00,2026-08-07T10:37:20.511258+09:00,PENDING
c9d55dd96bb302a0acd0620b,9a51c68977eab813139a8252,YG,그룹/멤버 분리,blackpink,BLACKPINK,COMEBACK,"""특별했던 하루""",,,,NONE,,,N,뉴욕,,"""특별했던 하루""…블랙핑크 지수, 'CLICK' 발매→솔로 컴백 후 해외 일정...",2026-09-10T22:14:00+09:00,66,DATE_NOT_FOUND,https://www.topstarnews.net/news/articleView.html?idxno=16189232,https://www.topstarnews.net/news/articleView.html?idxno=16189232,,1,"지수가 블랙핑크가 아닌 솔로로 컴백한 가운데 뉴욕에서의 근황을 알렸다. 지난 9일 지수는 자신의 개인 인스타그램 계정을 통해 ""뉴역에서의 특별했던 하루""라는 글과 함께 여러 장의 사진을 게재했다. 함께 공개된...",2026-09-11T09:26:43.074563+09:00,2026-09-11T09:26:43.074563+09:00,PENDING
